date,sex,vaccination_status,entries,sumTotal,pop,inz_entries,inzsumTotal,geoRegion,type,type_variant,vaccine,data_completeness,version,timeframe_all
202104,female,fully_vaccinated,0,0,8722,0,NA,CHFL,COVID19Hosp,vaccine,all,limited,2021-12-03_07-52-50,TRUE
202104,female,partially_vaccinated,1,1,155824,0.64,NA,CHFL,COVID19Hosp,vaccine,all,limited,2021-12-03_07-52-50,TRUE
202104,female,not_vaccinated,27,27,4222842,0.64,NA,CHFL,COVID19Hosp,vaccine,all,limited,2021-12-03_07-52-50,TRUE
202104,female,unknown,107,107,NA,NA,NA,CHFL,COVID19Hosp,vaccine,all,limited,2021-12-03_07-52-50,TRUE
202104,male,fully_vaccinated,0,0,6500,0,NA,CHFL,COVID19Hosp,vaccine,all,limited,2021-12-03_07-52-50,TRUE
202104,male,partially_vaccinated,1,1,118770,0.84,NA,CHFL,COVID19Hosp,vaccine,all,limited,2021-12-03_07-52-50,TRUE
202104,male,not_vaccinated,30,30,4196697,0.71,NA,CHFL,COVID19Hosp,vaccine,all,limited,2021-12-03_07-52-50,TRUE
202104,male,unknown,136,136,NA,NA,NA,CHFL,COVID19Hosp,vaccine,all,limited,2021-12-03_07-52-50,TRUE
202104,unknown,fully_vaccinated,0,0,0,NA,NA,CHFL,COVID19Hosp,vaccine,all,limited,2021-12-03_07-52-50,TRUE
202104,unknown,partially_vaccinated,0,0,31,0,NA,CHFL,COVID19Hosp,vaccine,all,limited,2021-12-03_07-52-50,TRUE
202104,unknown,not_vaccinated,0,0,NA,NA,NA,CHFL,COVID19Hosp,vaccine,all,limited,2021-12-03_07-52-50,TRUE
202104,unknown,unknown,0,0,NA,NA,NA,CHFL,COVID19Hosp,vaccine,all,limited,2021-12-03_07-52-50,TRUE
202105,female,fully_vaccinated,0,0,27922,0,NA,CHFL,COVID19Hosp,vaccine,all,limited,2021-12-03_07-52-50,TRUE
202105,female,partially_vaccinated,4,5,174062,2.3,NA,CHFL,COVID19Hosp,vaccine,all,limited,2021-12-03_07-52-50,TRUE
202105,female,not_vaccinated,54,81,4185404,1.29,NA,CHFL,COVID19Hosp,vaccine,all,limited,2021-12-03_07-52-50,TRUE
202105,female,unknown,143,250,NA,NA,NA,CHFL,COVID19Hosp,vaccine,all,limited,2021-12-03_07-52-50,TRUE
202105,male,fully_vaccinated,0,0,18478,0,NA,CHFL,COVID19Hosp,vaccine,all,limited,2021-12-03_07-52-50,TRUE
202105,male,partially_vaccinated,3,4,137262,2.19,NA,CHFL,COVID19Hosp,vaccine,all,limited,2021-12-03_07-52-50,TRUE
202105,male,not_vaccinated,64,94,4166227,1.54,NA,CHFL,COVID19Hosp,vaccine,all,limited,2021-12-03_07-52-50,TRUE
202105,male,unknown,157,293,NA,NA,NA,CHFL,COVID19Hosp,vaccine,all,limited,2021-12-03_07-52-50,TRUE
202105,unknown,fully_vaccinated,0,0,0,NA,NA,CHFL,COVID19Hosp,vaccine,all,limited,2021-12-03_07-52-50,TRUE
202105,unknown,partially_vaccinated,0,0,38,0,NA,CHFL,COVID19Hosp,vaccine,all,limited,2021-12-03_07-52-50,TRUE
202105,unknown,not_vaccinated,0,0,NA,NA,NA,CHFL,COVID19Hosp,vaccine,all,limited,2021-12-03_07-52-50,TRUE
202105,unknown,unknown,1,1,NA,NA,NA,CHFL,COVID19Hosp,vaccine,all,limited,2021-12-03_07-52-50,TRUE
202106,female,fully_vaccinated,2,2,60192,3.32,NA,CHFL,COVID19Hosp,vaccine,all,limited,2021-12-03_07-52-50,TRUE
202106,female,partially_vaccinated,2,7,186942,1.07,NA,CHFL,COVID19Hosp,vaccine,all,limited,2021-12-03_07-52-50,TRUE
202106,female,not_vaccinated,49,130,4140254,1.18,NA,CHFL,COVID19Hosp,vaccine,all,limited,2021-12-03_07-52-50,TRUE
202106,female,unknown,98,348,NA,NA,NA,CHFL,COVID19Hosp,vaccine,all,limited,2021-12-03_07-52-50,TRUE
202106,male,fully_vaccinated,1,1,41665,2.4,NA,CHFL,COVID19Hosp,vaccine,all,limited,2021-12-03_07-52-50,TRUE
202106,male,partially_vaccinated,2,6,145959,1.37,NA,CHFL,COVID19Hosp,vaccine,all,limited,2021-12-03_07-52-50,TRUE
202106,male,not_vaccinated,61,155,4134343,1.48,NA,CHFL,COVID19Hosp,vaccine,all,limited,2021-12-03_07-52-50,TRUE
202106,male,unknown,115,408,NA,NA,NA,CHFL,COVID19Hosp,vaccine,all,limited,2021-12-03_07-52-50,TRUE
202106,unknown,fully_vaccinated,0,0,5,0,NA,CHFL,COVID19Hosp,vaccine,all,limited,2021-12-03_07-52-50,TRUE
202106,unknown,partially_vaccinated,0,0,51,0,NA,CHFL,COVID19Hosp,vaccine,all,limited,2021-12-03_07-52-50,TRUE
202106,unknown,not_vaccinated,0,0,NA,NA,NA,CHFL,COVID19Hosp,vaccine,all,limited,2021-12-03_07-52-50,TRUE
202106,unknown,unknown,0,1,NA,NA,NA,CHFL,COVID19Hosp,vaccine,all,limited,2021-12-03_07-52-50,TRUE
202107,female,fully_vaccinated,3,5,99216,3.02,NA,CHFL,COVID19Hosp,vaccine,all,limited,2021-12-03_07-52-50,TRUE
202107,female,partially_vaccinated,4,11,181302,2.21,NA,CHFL,COVID19Hosp,vaccine,all,limited,2021-12-03_07-52-50,TRUE
202107,female,not_vaccinated,40,170,4106870,0.97,NA,CHFL,COVID19Hosp,vaccine,all,limited,2021-12-03_07-52-50,TRUE
202107,female,unknown,86,434,NA,NA,NA,CHFL,COVID19Hosp,vaccine,all,limited,2021-12-03_07-52-50,TRUE
202107,male,fully_vaccinated,3,4,74314,4.04,NA,CHFL,COVID19Hosp,vaccine,all,limited,2021-12-03_07-52-50,TRUE
202107,male,partially_vaccinated,6,12,137911,4.35,NA,CHFL,COVID19Hosp,vaccine,all,limited,2021-12-03_07-52-50,TRUE
202107,male,not_vaccinated,69,224,4109742,1.68,NA,CHFL,COVID19Hosp,vaccine,all,limited,2021-12-03_07-52-50,TRUE
202107,male,unknown,102,510,NA,NA,NA,CHFL,COVID19Hosp,vaccine,all,limited,2021-12-03_07-52-50,TRUE
202107,unknown,fully_vaccinated,0,0,12,0,NA,CHFL,COVID19Hosp,vaccine,all,limited,2021-12-03_07-52-50,TRUE
202107,unknown,partially_vaccinated,0,0,56,0,NA,CHFL,COVID19Hosp,vaccine,all,limited,2021-12-03_07-52-50,TRUE
202107,unknown,not_vaccinated,0,0,NA,NA,NA,CHFL,COVID19Hosp,vaccine,all,limited,2021-12-03_07-52-50,TRUE
202107,unknown,unknown,0,1,NA,NA,NA,CHFL,COVID19Hosp,vaccine,all,limited,2021-12-03_07-52-50,TRUE
202108,female,fully_vaccinated,3,8,148579,2.02,NA,CHFL,COVID19Hosp,vaccine,all,limited,2021-12-03_07-52-50,TRUE
202108,female,partially_vaccinated,5,16,159344,3.14,NA,CHFL,COVID19Hosp,vaccine,all,limited,2021-12-03_07-52-50,TRUE
202108,female,not_vaccinated,44,214,4079465,1.08,NA,CHFL,COVID19Hosp,vaccine,all,limited,2021-12-03_07-52-50,TRUE
202108,female,unknown,92,526,NA,NA,NA,CHFL,COVID19Hosp,vaccine,all,limited,2021-12-03_07-52-50,TRUE
202108,male,fully_vaccinated,3,7,114176,2.63,NA,CHFL,COVID19Hosp,vaccine,all,limited,2021-12-03_07-52-50,TRUE
202108,male,partially_vaccinated,1,13,118471,0.84,NA,CHFL,COVID19Hosp,vaccine,all,limited,2021-12-03_07-52-50,TRUE
202108,male,not_vaccinated,55,279,4089320,1.34,NA,CHFL,COVID19Hosp,vaccine,all,limited,2021-12-03_07-52-50,TRUE
202108,male,unknown,90,600,NA,NA,NA,CHFL,COVID19Hosp,vaccine,all,limited,2021-12-03_07-52-50,TRUE
202108,unknown,fully_vaccinated,0,0,25,0,NA,CHFL,COVID19Hosp,vaccine,all,limited,2021-12-03_07-52-50,TRUE
202108,unknown,partially_vaccinated,0,0,46,0,NA,CHFL,COVID19Hosp,vaccine,all,limited,2021-12-03_07-52-50,TRUE
202108,unknown,not_vaccinated,0,0,NA,NA,NA,CHFL,COVID19Hosp,vaccine,all,limited,2021-12-03_07-52-50,TRUE
202108,unknown,unknown,0,1,NA,NA,NA,CHFL,COVID19Hosp,vaccine,all,limited,2021-12-03_07-52-50,TRUE
202109,female,fully_vaccinated,1,9,191668,0.52,NA,CHFL,COVID19Hosp,vaccine,all,limited,2021-12-03_07-52-50,TRUE
202109,female,partially_vaccinated,3,19,157028,1.91,NA,CHFL,COVID19Hosp,vaccine,all,limited,2021-12-03_07-52-50,TRUE
202109,female,not_vaccinated,65,279,4038692,1.61,NA,CHFL,COVID19Hosp,vaccine,all,limited,2021-12-03_07-52-50,TRUE
202109,female,unknown,75,601,NA,NA,NA,CHFL,COVID19Hosp,vaccine,all,limited,2021-12-03_07-52-50,TRUE
202109,male,fully_vaccinated,5,12,147116,3.4,NA,CHFL,COVID19Hosp,vaccine,all,limited,2021-12-03_07-52-50,TRUE
202109,male,partially_vaccinated,4,17,118595,3.37,NA,CHFL,COVID19Hosp,vaccine,all,limited,2021-12-03_07-52-50,TRUE
202109,male,not_vaccinated,78,357,4056256,1.92,NA,CHFL,COVID19Hosp,vaccine,all,limited,2021-12-03_07-52-50,TRUE
202109,male,unknown,111,711,NA,NA,NA,CHFL,COVID19Hosp,vaccine,all,limited,2021-12-03_07-52-50,TRUE
202109,unknown,fully_vaccinated,0,0,36,0,NA,CHFL,COVID19Hosp,vaccine,all,limited,2021-12-03_07-52-50,TRUE
202109,unknown,partially_vaccinated,0,0,40,0,NA,CHFL,COVID19Hosp,vaccine,all,limited,2021-12-03_07-52-50,TRUE
202109,unknown,not_vaccinated,0,0,NA,NA,NA,CHFL,COVID19Hosp,vaccine,all,limited,2021-12-03_07-52-50,TRUE
202109,unknown,unknown,0,1,NA,NA,NA,CHFL,COVID19Hosp,vaccine,all,limited,2021-12-03_07-52-50,TRUE
202110,female,fully_vaccinated,3,12,226904,1.32,NA,CHFL,COVID19Hosp,vaccine,all,limited,2021-12-03_07-52-50,TRUE
202110,female,partially_vaccinated,6,25,171704,3.49,NA,CHFL,COVID19Hosp,vaccine,all,limited,2021-12-03_07-52-50,TRUE
202110,female,not_vaccinated,70,349,3988780,1.75,NA,CHFL,COVID19Hosp,vaccine,all,limited,2021-12-03_07-52-50,TRUE
202110,female,unknown,99,700,NA,NA,NA,CHFL,COVID19Hosp,vaccine,all,limited,2021-12-03_07-52-50,TRUE
202110,male,fully_vaccinated,2,14,173382,1.15,NA,CHFL,COVID19Hosp,vaccine,all,limited,2021-12-03_07-52-50,TRUE
202110,male,partially_vaccinated,2,19,131383,1.52,NA,CHFL,COVID19Hosp,vaccine,all,limited,2021-12-03_07-52-50,TRUE
202110,male,not_vaccinated,65,422,4017202,1.62,NA,CHFL,COVID19Hosp,vaccine,all,limited,2021-12-03_07-52-50,TRUE
202110,male,unknown,110,821,NA,NA,NA,CHFL,COVID19Hosp,vaccine,all,limited,2021-12-03_07-52-50,TRUE
202110,unknown,fully_vaccinated,0,0,45,0,NA,CHFL,COVID19Hosp,vaccine,all,limited,2021-12-03_07-52-50,TRUE
202110,unknown,partially_vaccinated,0,0,38,0,NA,CHFL,COVID19Hosp,vaccine,all,limited,2021-12-03_07-52-50,TRUE
202110,unknown,not_vaccinated,0,0,NA,NA,NA,CHFL,COVID19Hosp,vaccine,all,limited,2021-12-03_07-52-50,TRUE
202110,unknown,unknown,0,1,NA,NA,NA,CHFL,COVID19Hosp,vaccine,all,limited,2021-12-03_07-52-50,TRUE
202111,female,fully_vaccinated,5,17,270102,1.85,NA,CHFL,COVID19Hosp,vaccine,all,limited,2021-12-03_07-52-50,TRUE
202111,female,partially_vaccinated,1,26,170400,0.59,NA,CHFL,COVID19Hosp,vaccine,all,limited,2021-12-03_07-52-50,TRUE
202111,female,not_vaccinated,69,418,3946886,1.75,NA,CHFL,COVID19Hosp,vaccine,all,limited,2021-12-03_07-52-50,TRUE
202111,female,unknown,110,810,NA,NA,NA,CHFL,COVID19Hosp,vaccine,all,limited,2021-12-03_07-52-50,TRUE
202111,male,fully_vaccinated,5,19,202924,2.46,NA,CHFL,COVID19Hosp,vaccine,all,limited,2021-12-03_07-52-50,TRUE
202111,male,partially_vaccinated,12,31,137009,8.76,NA,CHFL,COVID19Hosp,vaccine,all,limited,2021-12-03_07-52-50,TRUE
202111,male,not_vaccinated,89,511,3982034,2.24,NA,CHFL,COVID19Hosp,vaccine,all,limited,2021-12-03_07-52-50,TRUE
202111,male,unknown,121,942,NA,NA,NA,CHFL,COVID19Hosp,vaccine,all,limited,2021-12-03_07-52-50,TRUE
202111,unknown,fully_vaccinated,0,0,64,0,NA,CHFL,COVID19Hosp,vaccine,all,limited,2021-12-03_07-52-50,TRUE
202111,unknown,partially_vaccinated,0,0,67,0,NA,CHFL,COVID19Hosp,vaccine,all,limited,2021-12-03_07-52-50,TRUE
202111,unknown,not_vaccinated,0,0,NA,NA,NA,CHFL,COVID19Hosp,vaccine,all,limited,2021-12-03_07-52-50,TRUE
202111,unknown,unknown,0,1,NA,NA,NA,CHFL,COVID19Hosp,vaccine,all,limited,2021-12-03_07-52-50,TRUE
202112,female,fully_vaccinated,2,19,308639,0.65,NA,CHFL,COVID19Hosp,vaccine,all,limited,2021-12-03_07-52-50,TRUE
202112,female,partially_vaccinated,2,28,192462,1.04,NA,CHFL,COVID19Hosp,vaccine,all,limited,2021-12-03_07-52-50,TRUE
202112,female,not_vaccinated,97,515,3886287,2.5,NA,CHFL,COVID19Hosp,vaccine,all,limited,2021-12-03_07-52-50,TRUE
202112,female,unknown,110,920,NA,NA,NA,CHFL,COVID19Hosp,vaccine,all,limited,2021-12-03_07-52-50,TRUE
202112,male,fully_vaccinated,4,23,232850,1.72,NA,CHFL,COVID19Hosp,vaccine,all,limited,2021-12-03_07-52-50,TRUE
202112,male,partially_vaccinated,2,33,158766,1.26,NA,CHFL,COVID19Hosp,vaccine,all,limited,2021-12-03_07-52-50,TRUE
202112,male,not_vaccinated,125,636,3930351,3.18,NA,CHFL,COVID19Hosp,vaccine,all,limited,2021-12-03_07-52-50,TRUE
202112,male,unknown,126,1068,NA,NA,NA,CHFL,COVID19Hosp,vaccine,all,limited,2021-12-03_07-52-50,TRUE
202112,unknown,fully_vaccinated,0,0,69,0,NA,CHFL,COVID19Hosp,vaccine,all,limited,2021-12-03_07-52-50,TRUE
202112,unknown,partially_vaccinated,0,0,75,0,NA,CHFL,COVID19Hosp,vaccine,all,limited,2021-12-03_07-52-50,TRUE
202112,unknown,not_vaccinated,0,0,NA,NA,NA,CHFL,COVID19Hosp,vaccine,all,limited,2021-12-03_07-52-50,TRUE
202112,unknown,unknown,0,1,NA,NA,NA,CHFL,COVID19Hosp,vaccine,all,limited,2021-12-03_07-52-50,TRUE
202113,female,fully_vaccinated,4,23,344848,1.16,NA,CHFL,COVID19Hosp,vaccine,all,limited,2021-12-03_07-52-50,TRUE
202113,female,partially_vaccinated,1,29,215293,0.46,NA,CHFL,COVID19Hosp,vaccine,all,limited,2021-12-03_07-52-50,TRUE
202113,female,not_vaccinated,92,607,3827247,2.4,NA,CHFL,COVID19Hosp,vaccine,all,limited,2021-12-03_07-52-50,TRUE
202113,female,unknown,132,1052,NA,NA,NA,CHFL,COVID19Hosp,vaccine,all,limited,2021-12-03_07-52-50,TRUE
202113,male,fully_vaccinated,10,33,262224,3.81,NA,CHFL,COVID19Hosp,vaccine,all,limited,2021-12-03_07-52-50,TRUE
202113,male,partially_vaccinated,9,42,178611,5.04,NA,CHFL,COVID19Hosp,vaccine,all,limited,2021-12-03_07-52-50,TRUE
202113,male,not_vaccinated,142,778,3881132,3.66,NA,CHFL,COVID19Hosp,vaccine,all,limited,2021-12-03_07-52-50,TRUE
202113,male,unknown,157,1225,NA,NA,NA,CHFL,COVID19Hosp,vaccine,all,limited,2021-12-03_07-52-50,TRUE
202113,unknown,fully_vaccinated,0,0,74,0,NA,CHFL,COVID19Hosp,vaccine,all,limited,2021-12-03_07-52-50,TRUE
202113,unknown,partially_vaccinated,0,0,83,0,NA,CHFL,COVID19Hosp,vaccine,all,limited,2021-12-03_07-52-50,TRUE
202113,unknown,not_vaccinated,0,0,NA,NA,NA,CHFL,COVID19Hosp,vaccine,all,limited,2021-12-03_07-52-50,TRUE
202113,unknown,unknown,0,1,NA,NA,NA,CHFL,COVID19Hosp,vaccine,all,limited,2021-12-03_07-52-50,TRUE
202114,female,fully_vaccinated,6,29,393121,1.53,NA,CHFL,COVID19Hosp,vaccine,all,limited,2021-12-03_07-52-50,TRUE
202114,female,partially_vaccinated,8,37,232552,3.44,NA,CHFL,COVID19Hosp,vaccine,all,limited,2021-12-03_07-52-50,TRUE
202114,female,not_vaccinated,90,697,3761715,2.39,NA,CHFL,COVID19Hosp,vaccine,all,limited,2021-12-03_07-52-50,TRUE
202114,female,unknown,107,1159,NA,NA,NA,CHFL,COVID19Hosp,vaccine,all,limited,2021-12-03_07-52-50,TRUE
202114,male,fully_vaccinated,9,42,300705,2.99,NA,CHFL,COVID19Hosp,vaccine,all,limited,2021-12-03_07-52-50,TRUE
202114,male,partially_vaccinated,7,49,197339,3.55,NA,CHFL,COVID19Hosp,vaccine,all,limited,2021-12-03_07-52-50,TRUE
202114,male,not_vaccinated,124,902,3823923,3.24,NA,CHFL,COVID19Hosp,vaccine,all,limited,2021-12-03_07-52-50,TRUE
202114,male,unknown,160,1385,NA,NA,NA,CHFL,COVID19Hosp,vaccine,all,limited,2021-12-03_07-52-50,TRUE
202114,unknown,fully_vaccinated,0,0,81,0,NA,CHFL,COVID19Hosp,vaccine,all,limited,2021-12-03_07-52-50,TRUE
202114,unknown,partially_vaccinated,0,0,104,0,NA,CHFL,COVID19Hosp,vaccine,all,limited,2021-12-03_07-52-50,TRUE
202114,unknown,not_vaccinated,0,0,NA,NA,NA,CHFL,COVID19Hosp,vaccine,all,limited,2021-12-03_07-52-50,TRUE
202114,unknown,unknown,1,2,NA,NA,NA,CHFL,COVID19Hosp,vaccine,all,limited,2021-12-03_07-52-50,TRUE
202115,female,fully_vaccinated,8,37,439180,1.82,NA,CHFL,COVID19Hosp,vaccine,all,limited,2021-12-03_07-52-50,TRUE
202115,female,partially_vaccinated,3,40,298546,1,NA,CHFL,COVID19Hosp,vaccine,all,limited,2021-12-03_07-52-50,TRUE
202115,female,not_vaccinated,119,816,3649662,3.26,NA,CHFL,COVID19Hosp,vaccine,all,limited,2021-12-03_07-52-50,TRUE
202115,female,unknown,82,1241,NA,NA,NA,CHFL,COVID19Hosp,vaccine,all,limited,2021-12-03_07-52-50,TRUE
202115,male,fully_vaccinated,9,51,339159,2.65,NA,CHFL,COVID19Hosp,vaccine,all,limited,2021-12-03_07-52-50,TRUE
202115,male,partially_vaccinated,6,55,256891,2.34,NA,CHFL,COVID19Hosp,vaccine,all,limited,2021-12-03_07-52-50,TRUE
202115,male,not_vaccinated,152,1054,3725917,4.08,NA,CHFL,COVID19Hosp,vaccine,all,limited,2021-12-03_07-52-50,TRUE
202115,male,unknown,117,1502,NA,NA,NA,CHFL,COVID19Hosp,vaccine,all,limited,2021-12-03_07-52-50,TRUE
202115,unknown,fully_vaccinated,0,0,126,0,NA,CHFL,COVID19Hosp,vaccine,all,limited,2021-12-03_07-52-50,TRUE
202115,unknown,partially_vaccinated,0,0,101,0,NA,CHFL,COVID19Hosp,vaccine,all,limited,2021-12-03_07-52-50,TRUE
202115,unknown,not_vaccinated,0,0,NA,NA,NA,CHFL,COVID19Hosp,vaccine,all,limited,2021-12-03_07-52-50,TRUE
202115,unknown,unknown,0,2,NA,NA,NA,CHFL,COVID19Hosp,vaccine,all,limited,2021-12-03_07-52-50,TRUE
202116,female,fully_vaccinated,2,39,498158,0.4,NA,CHFL,COVID19Hosp,vaccine,all,limited,2021-12-03_07-52-50,TRUE
202116,female,partially_vaccinated,6,46,375418,1.6,NA,CHFL,COVID19Hosp,vaccine,all,limited,2021-12-03_07-52-50,TRUE
202116,female,not_vaccinated,109,925,3513812,3.1,NA,CHFL,COVID19Hosp,vaccine,all,limited,2021-12-03_07-52-50,TRUE
202116,female,unknown,91,1332,NA,NA,NA,CHFL,COVID19Hosp,vaccine,all,limited,2021-12-03_07-52-50,TRUE
202116,male,fully_vaccinated,12,63,389775,3.08,NA,CHFL,COVID19Hosp,vaccine,all,limited,2021-12-03_07-52-50,TRUE
202116,male,partially_vaccinated,6,61,327463,1.83,NA,CHFL,COVID19Hosp,vaccine,all,limited,2021-12-03_07-52-50,TRUE
202116,male,not_vaccinated,145,1199,3604729,4.02,NA,CHFL,COVID19Hosp,vaccine,all,limited,2021-12-03_07-52-50,TRUE
202116,male,unknown,120,1622,NA,NA,NA,CHFL,COVID19Hosp,vaccine,all,limited,2021-12-03_07-52-50,TRUE
202116,unknown,fully_vaccinated,0,0,140,0,NA,CHFL,COVID19Hosp,vaccine,all,limited,2021-12-03_07-52-50,TRUE
202116,unknown,partially_vaccinated,0,0,141,0,NA,CHFL,COVID19Hosp,vaccine,all,limited,2021-12-03_07-52-50,TRUE
202116,unknown,not_vaccinated,0,0,NA,NA,NA,CHFL,COVID19Hosp,vaccine,all,limited,2021-12-03_07-52-50,TRUE
202116,unknown,unknown,0,2,NA,NA,NA,CHFL,COVID19Hosp,vaccine,all,limited,2021-12-03_07-52-50,TRUE
202117,female,fully_vaccinated,10,49,556375,1.8,NA,CHFL,COVID19Hosp,vaccine,all,limited,2021-12-03_07-52-50,TRUE
202117,female,partially_vaccinated,5,51,465624,1.07,NA,CHFL,COVID19Hosp,vaccine,all,limited,2021-12-03_07-52-50,TRUE
202117,female,not_vaccinated,99,1024,3365389,2.94,NA,CHFL,COVID19Hosp,vaccine,all,limited,2021-12-03_07-52-50,TRUE
202117,female,unknown,92,1424,NA,NA,NA,CHFL,COVID19Hosp,vaccine,all,limited,2021-12-03_07-52-50,TRUE
202117,male,fully_vaccinated,6,69,438645,1.37,NA,CHFL,COVID19Hosp,vaccine,all,limited,2021-12-03_07-52-50,TRUE
202117,male,partially_vaccinated,10,71,412723,2.42,NA,CHFL,COVID19Hosp,vaccine,all,limited,2021-12-03_07-52-50,TRUE
202117,male,not_vaccinated,142,1341,3470599,4.09,NA,CHFL,COVID19Hosp,vaccine,all,limited,2021-12-03_07-52-50,TRUE
202117,male,unknown,100,1722,NA,NA,NA,CHFL,COVID19Hosp,vaccine,all,limited,2021-12-03_07-52-50,TRUE
202117,unknown,fully_vaccinated,0,0,153,0,NA,CHFL,COVID19Hosp,vaccine,all,limited,2021-12-03_07-52-50,TRUE
202117,unknown,partially_vaccinated,0,0,192,0,NA,CHFL,COVID19Hosp,vaccine,all,limited,2021-12-03_07-52-50,TRUE
202117,unknown,not_vaccinated,0,0,NA,NA,NA,CHFL,COVID19Hosp,vaccine,all,limited,2021-12-03_07-52-50,TRUE
202117,unknown,unknown,0,2,NA,NA,NA,CHFL,COVID19Hosp,vaccine,all,limited,2021-12-03_07-52-50,TRUE
202118,female,fully_vaccinated,9,58,628832,1.43,NA,CHFL,COVID19Hosp,vaccine,all,limited,2021-12-03_07-52-50,TRUE
202118,female,partially_vaccinated,4,55,561566,0.71,NA,CHFL,COVID19Hosp,vaccine,all,limited,2021-12-03_07-52-50,TRUE
202118,female,not_vaccinated,76,1100,3196990,2.38,NA,CHFL,COVID19Hosp,vaccine,all,limited,2021-12-03_07-52-50,TRUE
202118,female,unknown,61,1485,NA,NA,NA,CHFL,COVID19Hosp,vaccine,all,limited,2021-12-03_07-52-50,TRUE
202118,male,fully_vaccinated,6,75,501483,1.2,NA,CHFL,COVID19Hosp,vaccine,all,limited,2021-12-03_07-52-50,TRUE
202118,male,partially_vaccinated,10,81,502254,1.99,NA,CHFL,COVID19Hosp,vaccine,all,limited,2021-12-03_07-52-50,TRUE
202118,male,not_vaccinated,101,1442,3318230,3.04,NA,CHFL,COVID19Hosp,vaccine,all,limited,2021-12-03_07-52-50,TRUE
202118,male,unknown,69,1791,NA,NA,NA,CHFL,COVID19Hosp,vaccine,all,limited,2021-12-03_07-52-50,TRUE
202118,unknown,fully_vaccinated,0,0,181,0,NA,CHFL,COVID19Hosp,vaccine,all,limited,2021-12-03_07-52-50,TRUE
202118,unknown,partially_vaccinated,0,0,258,0,NA,CHFL,COVID19Hosp,vaccine,all,limited,2021-12-03_07-52-50,TRUE
202118,unknown,not_vaccinated,0,0,NA,NA,NA,CHFL,COVID19Hosp,vaccine,all,limited,2021-12-03_07-52-50,TRUE
202118,unknown,unknown,0,2,NA,NA,NA,CHFL,COVID19Hosp,vaccine,all,limited,2021-12-03_07-52-50,TRUE
202119,female,fully_vaccinated,4,62,729175,0.55,NA,CHFL,COVID19Hosp,vaccine,all,limited,2021-12-03_07-52-50,TRUE
202119,female,partially_vaccinated,6,61,603153,0.99,NA,CHFL,COVID19Hosp,vaccine,all,limited,2021-12-03_07-52-50,TRUE
202119,female,not_vaccinated,60,1160,3055060,1.96,NA,CHFL,COVID19Hosp,vaccine,all,limited,2021-12-03_07-52-50,TRUE
202119,female,unknown,42,1527,NA,NA,NA,CHFL,COVID19Hosp,vaccine,all,limited,2021-12-03_07-52-50,TRUE
202119,male,fully_vaccinated,2,77,590409,0.34,NA,CHFL,COVID19Hosp,vaccine,all,limited,2021-12-03_07-52-50,TRUE
202119,male,partially_vaccinated,4,85,555337,0.72,NA,CHFL,COVID19Hosp,vaccine,all,limited,2021-12-03_07-52-50,TRUE
202119,male,not_vaccinated,61,1503,3176221,1.92,NA,CHFL,COVID19Hosp,vaccine,all,limited,2021-12-03_07-52-50,TRUE
202119,male,unknown,58,1849,NA,NA,NA,CHFL,COVID19Hosp,vaccine,all,limited,2021-12-03_07-52-50,TRUE
202119,unknown,fully_vaccinated,0,0,217,0,NA,CHFL,COVID19Hosp,vaccine,all,limited,2021-12-03_07-52-50,TRUE
202119,unknown,partially_vaccinated,0,0,292,0,NA,CHFL,COVID19Hosp,vaccine,all,limited,2021-12-03_07-52-50,TRUE
202119,unknown,not_vaccinated,0,0,NA,NA,NA,CHFL,COVID19Hosp,vaccine,all,limited,2021-12-03_07-52-50,TRUE
202119,unknown,unknown,0,2,NA,NA,NA,CHFL,COVID19Hosp,vaccine,all,limited,2021-12-03_07-52-50,TRUE
202120,female,fully_vaccinated,3,65,866839,0.35,NA,CHFL,COVID19Hosp,vaccine,all,limited,2021-12-03_07-52-50,TRUE
202120,female,partially_vaccinated,8,69,622571,1.28,NA,CHFL,COVID19Hosp,vaccine,all,limited,2021-12-03_07-52-50,TRUE
202120,female,not_vaccinated,70,1230,2897978,2.42,NA,CHFL,COVID19Hosp,vaccine,all,limited,2021-12-03_07-52-50,TRUE
202120,female,unknown,44,1571,NA,NA,NA,CHFL,COVID19Hosp,vaccine,all,limited,2021-12-03_07-52-50,TRUE
202120,male,fully_vaccinated,6,83,714070,0.84,NA,CHFL,COVID19Hosp,vaccine,all,limited,2021-12-03_07-52-50,TRUE
202120,male,partially_vaccinated,3,88,590564,0.51,NA,CHFL,COVID19Hosp,vaccine,all,limited,2021-12-03_07-52-50,TRUE
202120,male,not_vaccinated,74,1577,3017333,2.45,NA,CHFL,COVID19Hosp,vaccine,all,limited,2021-12-03_07-52-50,TRUE
202120,male,unknown,44,1893,NA,NA,NA,CHFL,COVID19Hosp,vaccine,all,limited,2021-12-03_07-52-50,TRUE
202120,unknown,fully_vaccinated,0,0,272,0,NA,CHFL,COVID19Hosp,vaccine,all,limited,2021-12-03_07-52-50,TRUE
202120,unknown,partially_vaccinated,0,0,306,0,NA,CHFL,COVID19Hosp,vaccine,all,limited,2021-12-03_07-52-50,TRUE
202120,unknown,not_vaccinated,0,0,NA,NA,NA,CHFL,COVID19Hosp,vaccine,all,limited,2021-12-03_07-52-50,TRUE
202120,unknown,unknown,0,2,NA,NA,NA,CHFL,COVID19Hosp,vaccine,all,limited,2021-12-03_07-52-50,TRUE
202121,female,fully_vaccinated,7,72,1009175,0.69,NA,CHFL,COVID19Hosp,vaccine,all,limited,2021-12-03_07-52-50,TRUE
202121,female,partially_vaccinated,2,71,620369,0.32,NA,CHFL,COVID19Hosp,vaccine,all,limited,2021-12-03_07-52-50,TRUE
202121,female,not_vaccinated,29,1259,2757844,1.05,NA,CHFL,COVID19Hosp,vaccine,all,limited,2021-12-03_07-52-50,TRUE
202121,female,unknown,27,1598,NA,NA,NA,CHFL,COVID19Hosp,vaccine,all,limited,2021-12-03_07-52-50,TRUE
202121,male,fully_vaccinated,6,89,843061,0.71,NA,CHFL,COVID19Hosp,vaccine,all,limited,2021-12-03_07-52-50,TRUE
202121,male,partially_vaccinated,3,91,613306,0.49,NA,CHFL,COVID19Hosp,vaccine,all,limited,2021-12-03_07-52-50,TRUE
202121,male,not_vaccinated,47,1624,2865600,1.64,NA,CHFL,COVID19Hosp,vaccine,all,limited,2021-12-03_07-52-50,TRUE
202121,male,unknown,28,1921,NA,NA,NA,CHFL,COVID19Hosp,vaccine,all,limited,2021-12-03_07-52-50,TRUE
202121,unknown,fully_vaccinated,0,0,337,0,NA,CHFL,COVID19Hosp,vaccine,all,limited,2021-12-03_07-52-50,TRUE
202121,unknown,partially_vaccinated,0,0,333,0,NA,CHFL,COVID19Hosp,vaccine,all,limited,2021-12-03_07-52-50,TRUE
202121,unknown,not_vaccinated,0,0,NA,NA,NA,CHFL,COVID19Hosp,vaccine,all,limited,2021-12-03_07-52-50,TRUE
202121,unknown,unknown,0,2,NA,NA,NA,CHFL,COVID19Hosp,vaccine,all,limited,2021-12-03_07-52-50,TRUE
202122,female,fully_vaccinated,3,75,1171533,0.26,NA,CHFL,COVID19Hosp,vaccine,all,limited,2021-12-03_07-52-50,TRUE
202122,female,partially_vaccinated,2,73,619159,0.32,NA,CHFL,COVID19Hosp,vaccine,all,limited,2021-12-03_07-52-50,TRUE
202122,female,not_vaccinated,28,1287,2596696,1.08,NA,CHFL,COVID19Hosp,vaccine,all,limited,2021-12-03_07-52-50,TRUE
202122,female,unknown,23,1621,NA,NA,NA,CHFL,COVID19Hosp,vaccine,all,limited,2021-12-03_07-52-50,TRUE
202122,male,fully_vaccinated,5,94,990036,0.51,NA,CHFL,COVID19Hosp,vaccine,all,limited,2021-12-03_07-52-50,TRUE
202122,male,partially_vaccinated,3,94,641827,0.47,NA,CHFL,COVID19Hosp,vaccine,all,limited,2021-12-03_07-52-50,TRUE
202122,male,not_vaccinated,38,1662,2690104,1.41,NA,CHFL,COVID19Hosp,vaccine,all,limited,2021-12-03_07-52-50,TRUE
202122,male,unknown,18,1939,NA,NA,NA,CHFL,COVID19Hosp,vaccine,all,limited,2021-12-03_07-52-50,TRUE
202122,unknown,fully_vaccinated,0,0,426,0,NA,CHFL,COVID19Hosp,vaccine,all,limited,2021-12-03_07-52-50,TRUE
202122,unknown,partially_vaccinated,0,0,348,0,NA,CHFL,COVID19Hosp,vaccine,all,limited,2021-12-03_07-52-50,TRUE
202122,unknown,not_vaccinated,0,0,NA,NA,NA,CHFL,COVID19Hosp,vaccine,all,limited,2021-12-03_07-52-50,TRUE
202122,unknown,unknown,0,2,NA,NA,NA,CHFL,COVID19Hosp,vaccine,all,limited,2021-12-03_07-52-50,TRUE
202123,female,fully_vaccinated,3,78,1325541,0.23,NA,CHFL,COVID19Hosp,vaccine,all,limited,2021-12-03_07-52-50,TRUE
202123,female,partially_vaccinated,0,73,633928,0,NA,CHFL,COVID19Hosp,vaccine,all,limited,2021-12-03_07-52-50,TRUE
202123,female,not_vaccinated,16,1303,2427919,0.66,NA,CHFL,COVID19Hosp,vaccine,all,limited,2021-12-03_07-52-50,TRUE
202123,female,unknown,10,1631,NA,NA,NA,CHFL,COVID19Hosp,vaccine,all,limited,2021-12-03_07-52-50,TRUE
202123,male,fully_vaccinated,11,105,1140183,0.96,NA,CHFL,COVID19Hosp,vaccine,all,limited,2021-12-03_07-52-50,TRUE
202123,male,partially_vaccinated,2,96,676440,0.3,NA,CHFL,COVID19Hosp,vaccine,all,limited,2021-12-03_07-52-50,TRUE
202123,male,not_vaccinated,17,1679,2505344,0.68,NA,CHFL,COVID19Hosp,vaccine,all,limited,2021-12-03_07-52-50,TRUE
202123,male,unknown,18,1957,NA,NA,NA,CHFL,COVID19Hosp,vaccine,all,limited,2021-12-03_07-52-50,TRUE
202123,unknown,fully_vaccinated,0,0,489,0,NA,CHFL,COVID19Hosp,vaccine,all,limited,2021-12-03_07-52-50,TRUE
202123,unknown,partially_vaccinated,0,0,423,0,NA,CHFL,COVID19Hosp,vaccine,all,limited,2021-12-03_07-52-50,TRUE
202123,unknown,not_vaccinated,0,0,NA,NA,NA,CHFL,COVID19Hosp,vaccine,all,limited,2021-12-03_07-52-50,TRUE
202123,unknown,unknown,0,2,NA,NA,NA,CHFL,COVID19Hosp,vaccine,all,limited,2021-12-03_07-52-50,TRUE
202124,female,fully_vaccinated,1,79,1480761,0.07,NA,CHFL,COVID19Hosp,vaccine,all,limited,2021-12-03_07-52-50,TRUE
202124,female,partially_vaccinated,0,73,624332,0,NA,CHFL,COVID19Hosp,vaccine,all,limited,2021-12-03_07-52-50,TRUE
202124,female,not_vaccinated,8,1311,2282295,0.35,NA,CHFL,COVID19Hosp,vaccine,all,limited,2021-12-03_07-52-50,TRUE
202124,female,unknown,8,1639,NA,NA,NA,CHFL,COVID19Hosp,vaccine,all,limited,2021-12-03_07-52-50,TRUE
202124,male,fully_vaccinated,4,109,1297785,0.31,NA,CHFL,COVID19Hosp,vaccine,all,limited,2021-12-03_07-52-50,TRUE
202124,male,partially_vaccinated,1,97,680762,0.15,NA,CHFL,COVID19Hosp,vaccine,all,limited,2021-12-03_07-52-50,TRUE
202124,male,not_vaccinated,16,1695,2343420,0.68,NA,CHFL,COVID19Hosp,vaccine,all,limited,2021-12-03_07-52-50,TRUE
202124,male,unknown,10,1967,NA,NA,NA,CHFL,COVID19Hosp,vaccine,all,limited,2021-12-03_07-52-50,TRUE
202124,unknown,fully_vaccinated,0,0,571,0,NA,CHFL,COVID19Hosp,vaccine,all,limited,2021-12-03_07-52-50,TRUE
202124,unknown,partially_vaccinated,0,0,509,0,NA,CHFL,COVID19Hosp,vaccine,all,limited,2021-12-03_07-52-50,TRUE
202124,unknown,not_vaccinated,0,0,NA,NA,NA,CHFL,COVID19Hosp,vaccine,all,limited,2021-12-03_07-52-50,TRUE
202124,unknown,unknown,0,2,NA,NA,NA,CHFL,COVID19Hosp,vaccine,all,limited,2021-12-03_07-52-50,TRUE
202125,female,fully_vaccinated,3,82,1627977,0.18,NA,CHFL,COVID19Hosp,vaccine,all,limited,2021-12-03_07-52-50,TRUE
202125,female,partially_vaccinated,0,73,585710,0,NA,CHFL,COVID19Hosp,vaccine,all,limited,2021-12-03_07-52-50,TRUE
202125,female,not_vaccinated,2,1313,2173701,0.09,NA,CHFL,COVID19Hosp,vaccine,all,limited,2021-12-03_07-52-50,TRUE
202125,female,unknown,6,1645,NA,NA,NA,CHFL,COVID19Hosp,vaccine,all,limited,2021-12-03_07-52-50,TRUE
202125,male,fully_vaccinated,0,109,1456924,0,NA,CHFL,COVID19Hosp,vaccine,all,limited,2021-12-03_07-52-50,TRUE
202125,male,partially_vaccinated,1,98,643303,0.16,NA,CHFL,COVID19Hosp,vaccine,all,limited,2021-12-03_07-52-50,TRUE
202125,male,not_vaccinated,9,1704,2221740,0.41,NA,CHFL,COVID19Hosp,vaccine,all,limited,2021-12-03_07-52-50,TRUE
202125,male,unknown,8,1975,NA,NA,NA,CHFL,COVID19Hosp,vaccine,all,limited,2021-12-03_07-52-50,TRUE
202125,unknown,fully_vaccinated,0,0,669,0,NA,CHFL,COVID19Hosp,vaccine,all,limited,2021-12-03_07-52-50,TRUE
202125,unknown,partially_vaccinated,0,0,558,0,NA,CHFL,COVID19Hosp,vaccine,all,limited,2021-12-03_07-52-50,TRUE
202125,unknown,not_vaccinated,0,0,NA,NA,NA,CHFL,COVID19Hosp,vaccine,all,limited,2021-12-03_07-52-50,TRUE
202125,unknown,unknown,0,2,NA,NA,NA,CHFL,COVID19Hosp,vaccine,all,limited,2021-12-03_07-52-50,TRUE
202126,female,fully_vaccinated,2,84,1786773,0.11,NA,CHFL,COVID19Hosp,vaccine,all,intermediate,2021-12-03_07-52-50,TRUE
202126,female,partially_vaccinated,1,74,488459,0.2,NA,CHFL,COVID19Hosp,vaccine,all,intermediate,2021-12-03_07-52-50,TRUE
202126,female,not_vaccinated,3,1316,2112156,0.14,NA,CHFL,COVID19Hosp,vaccine,all,intermediate,2021-12-03_07-52-50,TRUE
202126,female,unknown,2,1647,NA,NA,NA,CHFL,COVID19Hosp,vaccine,all,intermediate,2021-12-03_07-52-50,TRUE
202126,male,fully_vaccinated,1,110,1630156,0.06,NA,CHFL,COVID19Hosp,vaccine,all,intermediate,2021-12-03_07-52-50,TRUE
202126,male,partially_vaccinated,0,98,535642,0,NA,CHFL,COVID19Hosp,vaccine,all,intermediate,2021-12-03_07-52-50,TRUE
202126,male,not_vaccinated,2,1706,2156169,0.09,NA,CHFL,COVID19Hosp,vaccine,all,intermediate,2021-12-03_07-52-50,TRUE
202126,male,unknown,6,1981,NA,NA,NA,CHFL,COVID19Hosp,vaccine,all,intermediate,2021-12-03_07-52-50,TRUE
202126,unknown,fully_vaccinated,0,0,775,0,NA,CHFL,COVID19Hosp,vaccine,all,intermediate,2021-12-03_07-52-50,TRUE
202126,unknown,partially_vaccinated,0,0,525,0,NA,CHFL,COVID19Hosp,vaccine,all,intermediate,2021-12-03_07-52-50,TRUE
202126,unknown,not_vaccinated,0,0,NA,NA,NA,CHFL,COVID19Hosp,vaccine,all,intermediate,2021-12-03_07-52-50,TRUE
202126,unknown,unknown,0,2,NA,NA,NA,CHFL,COVID19Hosp,vaccine,all,intermediate,2021-12-03_07-52-50,TRUE
202127,female,fully_vaccinated,0,84,1945795,0,NA,CHFL,COVID19Hosp,vaccine,all,intermediate,2021-12-03_07-52-50,TRUE
202127,female,partially_vaccinated,0,74,371333,0,NA,CHFL,COVID19Hosp,vaccine,all,intermediate,2021-12-03_07-52-50,TRUE
202127,female,not_vaccinated,9,1325,2070260,0.43,NA,CHFL,COVID19Hosp,vaccine,all,intermediate,2021-12-03_07-52-50,TRUE
202127,female,unknown,3,1650,NA,NA,NA,CHFL,COVID19Hosp,vaccine,all,intermediate,2021-12-03_07-52-50,TRUE
202127,male,fully_vaccinated,0,110,1804624,0,NA,CHFL,COVID19Hosp,vaccine,all,intermediate,2021-12-03_07-52-50,TRUE
202127,male,partially_vaccinated,0,98,406609,0,NA,CHFL,COVID19Hosp,vaccine,all,intermediate,2021-12-03_07-52-50,TRUE
202127,male,not_vaccinated,12,1718,2110734,0.57,NA,CHFL,COVID19Hosp,vaccine,all,intermediate,2021-12-03_07-52-50,TRUE
202127,male,unknown,4,1985,NA,NA,NA,CHFL,COVID19Hosp,vaccine,all,intermediate,2021-12-03_07-52-50,TRUE
202127,unknown,fully_vaccinated,0,0,902,0,NA,CHFL,COVID19Hosp,vaccine,all,intermediate,2021-12-03_07-52-50,TRUE
202127,unknown,partially_vaccinated,0,0,443,0,NA,CHFL,COVID19Hosp,vaccine,all,intermediate,2021-12-03_07-52-50,TRUE
202127,unknown,not_vaccinated,0,0,NA,NA,NA,CHFL,COVID19Hosp,vaccine,all,intermediate,2021-12-03_07-52-50,TRUE
202127,unknown,unknown,0,2,NA,NA,NA,CHFL,COVID19Hosp,vaccine,all,intermediate,2021-12-03_07-52-50,TRUE
202128,female,fully_vaccinated,1,85,2084602,0.05,NA,CHFL,COVID19Hosp,vaccine,all,intermediate,2021-12-03_07-52-50,TRUE
202128,female,partially_vaccinated,1,75,268992,0.37,NA,CHFL,COVID19Hosp,vaccine,all,intermediate,2021-12-03_07-52-50,TRUE
202128,female,not_vaccinated,23,1348,2033794,1.13,NA,CHFL,COVID19Hosp,vaccine,all,intermediate,2021-12-03_07-52-50,TRUE
202128,female,unknown,7,1657,NA,NA,NA,CHFL,COVID19Hosp,vaccine,all,intermediate,2021-12-03_07-52-50,TRUE
202128,male,fully_vaccinated,6,116,1960258,0.31,NA,CHFL,COVID19Hosp,vaccine,all,intermediate,2021-12-03_07-52-50,TRUE
202128,male,partially_vaccinated,0,98,292085,0,NA,CHFL,COVID19Hosp,vaccine,all,intermediate,2021-12-03_07-52-50,TRUE
202128,male,not_vaccinated,21,1739,2069624,1.01,NA,CHFL,COVID19Hosp,vaccine,all,intermediate,2021-12-03_07-52-50,TRUE
202128,male,unknown,3,1988,NA,NA,NA,CHFL,COVID19Hosp,vaccine,all,intermediate,2021-12-03_07-52-50,TRUE
202128,unknown,fully_vaccinated,0,0,1064,0,NA,CHFL,COVID19Hosp,vaccine,all,intermediate,2021-12-03_07-52-50,TRUE
202128,unknown,partially_vaccinated,0,0,314,0,NA,CHFL,COVID19Hosp,vaccine,all,intermediate,2021-12-03_07-52-50,TRUE
202128,unknown,not_vaccinated,0,0,NA,NA,NA,CHFL,COVID19Hosp,vaccine,all,intermediate,2021-12-03_07-52-50,TRUE
202128,unknown,unknown,0,2,NA,NA,NA,CHFL,COVID19Hosp,vaccine,all,intermediate,2021-12-03_07-52-50,TRUE
202129,female,fully_vaccinated,6,91,2190963,0.27,NA,CHFL,COVID19Hosp,vaccine,all,intermediate,2021-12-03_07-52-50,TRUE
202129,female,partially_vaccinated,0,75,196935,0,NA,CHFL,COVID19Hosp,vaccine,all,intermediate,2021-12-03_07-52-50,TRUE
202129,female,not_vaccinated,23,1371,1999490,1.15,NA,CHFL,COVID19Hosp,vaccine,all,intermediate,2021-12-03_07-52-50,TRUE
202129,female,unknown,7,1664,NA,NA,NA,CHFL,COVID19Hosp,vaccine,all,intermediate,2021-12-03_07-52-50,TRUE
202129,male,fully_vaccinated,9,125,2080547,0.43,NA,CHFL,COVID19Hosp,vaccine,all,intermediate,2021-12-03_07-52-50,TRUE
202129,male,partially_vaccinated,0,98,207290,0,NA,CHFL,COVID19Hosp,vaccine,all,intermediate,2021-12-03_07-52-50,TRUE
202129,male,not_vaccinated,32,1771,2034130,1.57,NA,CHFL,COVID19Hosp,vaccine,all,intermediate,2021-12-03_07-52-50,TRUE
202129,male,unknown,10,1998,NA,NA,NA,CHFL,COVID19Hosp,vaccine,all,intermediate,2021-12-03_07-52-50,TRUE
202129,unknown,fully_vaccinated,0,0,1203,0,NA,CHFL,COVID19Hosp,vaccine,all,intermediate,2021-12-03_07-52-50,TRUE
202129,unknown,partially_vaccinated,0,0,207,0,NA,CHFL,COVID19Hosp,vaccine,all,intermediate,2021-12-03_07-52-50,TRUE
202129,unknown,not_vaccinated,0,0,NA,NA,NA,CHFL,COVID19Hosp,vaccine,all,intermediate,2021-12-03_07-52-50,TRUE
202129,unknown,unknown,0,2,NA,NA,NA,CHFL,COVID19Hosp,vaccine,all,intermediate,2021-12-03_07-52-50,TRUE
202130,female,fully_vaccinated,8,99,2250699,0.36,NA,CHFL,COVID19Hosp,vaccine,all,intermediate,2021-12-03_07-52-50,TRUE
202130,female,partially_vaccinated,0,75,169416,0,NA,CHFL,COVID19Hosp,vaccine,all,intermediate,2021-12-03_07-52-50,TRUE
202130,female,not_vaccinated,40,1411,1967273,2.03,NA,CHFL,COVID19Hosp,vaccine,all,intermediate,2021-12-03_07-52-50,TRUE
202130,female,unknown,8,1672,NA,NA,NA,CHFL,COVID19Hosp,vaccine,all,intermediate,2021-12-03_07-52-50,TRUE
202130,male,fully_vaccinated,6,131,2145462,0.28,NA,CHFL,COVID19Hosp,vaccine,all,intermediate,2021-12-03_07-52-50,TRUE
202130,male,partially_vaccinated,0,98,175972,0,NA,CHFL,COVID19Hosp,vaccine,all,intermediate,2021-12-03_07-52-50,TRUE
202130,male,not_vaccinated,46,1817,2000533,2.3,NA,CHFL,COVID19Hosp,vaccine,all,intermediate,2021-12-03_07-52-50,TRUE
202130,male,unknown,13,2011,NA,NA,NA,CHFL,COVID19Hosp,vaccine,all,intermediate,2021-12-03_07-52-50,TRUE
202130,unknown,fully_vaccinated,0,0,1283,0,NA,CHFL,COVID19Hosp,vaccine,all,intermediate,2021-12-03_07-52-50,TRUE
202130,unknown,partially_vaccinated,0,0,159,0,NA,CHFL,COVID19Hosp,vaccine,all,intermediate,2021-12-03_07-52-50,TRUE
202130,unknown,not_vaccinated,0,0,NA,NA,NA,CHFL,COVID19Hosp,vaccine,all,intermediate,2021-12-03_07-52-50,TRUE
202130,unknown,unknown,0,2,NA,NA,NA,CHFL,COVID19Hosp,vaccine,all,intermediate,2021-12-03_07-52-50,TRUE
202131,female,fully_vaccinated,7,106,2292540,0.31,NA,CHFL,COVID19Hosp,vaccine,all,intermediate,2021-12-03_07-52-50,TRUE
202131,female,partially_vaccinated,0,75,153793,0,NA,CHFL,COVID19Hosp,vaccine,all,intermediate,2021-12-03_07-52-50,TRUE
202131,female,not_vaccinated,69,1480,1941055,3.55,NA,CHFL,COVID19Hosp,vaccine,all,intermediate,2021-12-03_07-52-50,TRUE
202131,female,unknown,15,1687,NA,NA,NA,CHFL,COVID19Hosp,vaccine,all,intermediate,2021-12-03_07-52-50,TRUE
202131,male,fully_vaccinated,9,140,2189546,0.41,NA,CHFL,COVID19Hosp,vaccine,all,intermediate,2021-12-03_07-52-50,TRUE
202131,male,partially_vaccinated,2,100,159482,1.25,NA,CHFL,COVID19Hosp,vaccine,all,intermediate,2021-12-03_07-52-50,TRUE
202131,male,not_vaccinated,64,1881,1972939,3.24,NA,CHFL,COVID19Hosp,vaccine,all,intermediate,2021-12-03_07-52-50,TRUE
202131,male,unknown,15,2026,NA,NA,NA,CHFL,COVID19Hosp,vaccine,all,intermediate,2021-12-03_07-52-50,TRUE
202131,unknown,fully_vaccinated,0,0,1328,0,NA,CHFL,COVID19Hosp,vaccine,all,intermediate,2021-12-03_07-52-50,TRUE
202131,unknown,partially_vaccinated,0,0,127,0,NA,CHFL,COVID19Hosp,vaccine,all,intermediate,2021-12-03_07-52-50,TRUE
202131,unknown,not_vaccinated,0,0,NA,NA,NA,CHFL,COVID19Hosp,vaccine,all,intermediate,2021-12-03_07-52-50,TRUE
202131,unknown,unknown,0,2,NA,NA,NA,CHFL,COVID19Hosp,vaccine,all,intermediate,2021-12-03_07-52-50,TRUE
202132,female,fully_vaccinated,18,124,2330366,0.77,NA,CHFL,COVID19Hosp,vaccine,all,intermediate,2021-12-03_07-52-50,TRUE
202132,female,partially_vaccinated,2,77,146819,1.36,NA,CHFL,COVID19Hosp,vaccine,all,intermediate,2021-12-03_07-52-50,TRUE
202132,female,not_vaccinated,146,1626,1910203,7.64,NA,CHFL,COVID19Hosp,vaccine,all,intermediate,2021-12-03_07-52-50,TRUE
202132,female,unknown,17,1704,NA,NA,NA,CHFL,COVID19Hosp,vaccine,all,intermediate,2021-12-03_07-52-50,TRUE
202132,male,fully_vaccinated,20,160,2231372,0.9,NA,CHFL,COVID19Hosp,vaccine,all,intermediate,2021-12-03_07-52-50,TRUE
202132,male,partially_vaccinated,6,106,149413,4.02,NA,CHFL,COVID19Hosp,vaccine,all,intermediate,2021-12-03_07-52-50,TRUE
202132,male,not_vaccinated,154,2035,1941182,7.93,NA,CHFL,COVID19Hosp,vaccine,all,intermediate,2021-12-03_07-52-50,TRUE
202132,male,unknown,17,2043,NA,NA,NA,CHFL,COVID19Hosp,vaccine,all,intermediate,2021-12-03_07-52-50,TRUE
202132,unknown,fully_vaccinated,0,0,1360,0,NA,CHFL,COVID19Hosp,vaccine,all,intermediate,2021-12-03_07-52-50,TRUE
202132,unknown,partially_vaccinated,0,0,119,0,NA,CHFL,COVID19Hosp,vaccine,all,intermediate,2021-12-03_07-52-50,TRUE
202132,unknown,not_vaccinated,0,0,NA,NA,NA,CHFL,COVID19Hosp,vaccine,all,intermediate,2021-12-03_07-52-50,TRUE
202132,unknown,unknown,0,2,NA,NA,NA,CHFL,COVID19Hosp,vaccine,all,intermediate,2021-12-03_07-52-50,TRUE
202133,female,fully_vaccinated,28,152,2367747,1.18,NA,CHFL,COVID19Hosp,vaccine,all,intermediate,2021-12-03_07-52-50,TRUE
202133,female,partially_vaccinated,1,78,145792,0.69,NA,CHFL,COVID19Hosp,vaccine,all,intermediate,2021-12-03_07-52-50,TRUE
202133,female,not_vaccinated,191,1817,1873849,10.19,NA,CHFL,COVID19Hosp,vaccine,all,intermediate,2021-12-03_07-52-50,TRUE
202133,female,unknown,36,1740,NA,NA,NA,CHFL,COVID19Hosp,vaccine,all,intermediate,2021-12-03_07-52-50,TRUE
202133,male,fully_vaccinated,28,188,2270939,1.23,NA,CHFL,COVID19Hosp,vaccine,all,intermediate,2021-12-03_07-52-50,TRUE
202133,male,partially_vaccinated,2,108,146527,1.36,NA,CHFL,COVID19Hosp,vaccine,all,intermediate,2021-12-03_07-52-50,TRUE
202133,male,not_vaccinated,198,2233,1904501,10.4,NA,CHFL,COVID19Hosp,vaccine,all,intermediate,2021-12-03_07-52-50,TRUE
202133,male,unknown,49,2092,NA,NA,NA,CHFL,COVID19Hosp,vaccine,all,intermediate,2021-12-03_07-52-50,TRUE
202133,unknown,fully_vaccinated,0,0,1389,0,NA,CHFL,COVID19Hosp,vaccine,all,intermediate,2021-12-03_07-52-50,TRUE
202133,unknown,partially_vaccinated,0,0,121,0,NA,CHFL,COVID19Hosp,vaccine,all,intermediate,2021-12-03_07-52-50,TRUE
202133,unknown,not_vaccinated,0,0,NA,NA,NA,CHFL,COVID19Hosp,vaccine,all,intermediate,2021-12-03_07-52-50,TRUE
202133,unknown,unknown,0,2,NA,NA,NA,CHFL,COVID19Hosp,vaccine,all,intermediate,2021-12-03_07-52-50,TRUE
202134,female,fully_vaccinated,20,172,2404158,0.83,NA,CHFL,COVID19Hosp,vaccine,all,intermediate,2021-12-03_07-52-50,TRUE
202134,female,partially_vaccinated,2,80,155972,1.28,NA,CHFL,COVID19Hosp,vaccine,all,intermediate,2021-12-03_07-52-50,TRUE
202134,female,not_vaccinated,144,1961,1827258,7.88,NA,CHFL,COVID19Hosp,vaccine,all,intermediate,2021-12-03_07-52-50,TRUE
202134,female,unknown,35,1775,NA,NA,NA,CHFL,COVID19Hosp,vaccine,all,intermediate,2021-12-03_07-52-50,TRUE
202134,male,fully_vaccinated,28,216,2308622,1.21,NA,CHFL,COVID19Hosp,vaccine,all,intermediate,2021-12-03_07-52-50,TRUE
202134,male,partially_vaccinated,3,111,154748,1.94,NA,CHFL,COVID19Hosp,vaccine,all,intermediate,2021-12-03_07-52-50,TRUE
202134,male,not_vaccinated,211,2444,1858597,11.35,NA,CHFL,COVID19Hosp,vaccine,all,intermediate,2021-12-03_07-52-50,TRUE
202134,male,unknown,47,2139,NA,NA,NA,CHFL,COVID19Hosp,vaccine,all,intermediate,2021-12-03_07-52-50,TRUE
202134,unknown,fully_vaccinated,0,0,1424,0,NA,CHFL,COVID19Hosp,vaccine,all,intermediate,2021-12-03_07-52-50,TRUE
202134,unknown,partially_vaccinated,0,0,122,0,NA,CHFL,COVID19Hosp,vaccine,all,intermediate,2021-12-03_07-52-50,TRUE
202134,unknown,not_vaccinated,0,0,NA,NA,NA,CHFL,COVID19Hosp,vaccine,all,intermediate,2021-12-03_07-52-50,TRUE
202134,unknown,unknown,0,2,NA,NA,NA,CHFL,COVID19Hosp,vaccine,all,intermediate,2021-12-03_07-52-50,TRUE
202135,female,fully_vaccinated,18,190,2434346,0.74,NA,CHFL,COVID19Hosp,vaccine,all,intermediate,2021-12-03_07-52-50,TRUE
202135,female,partially_vaccinated,3,83,177017,1.69,NA,CHFL,COVID19Hosp,vaccine,all,intermediate,2021-12-03_07-52-50,TRUE
202135,female,not_vaccinated,143,2104,1776025,8.05,NA,CHFL,COVID19Hosp,vaccine,all,intermediate,2021-12-03_07-52-50,TRUE
202135,female,unknown,28,1803,NA,NA,NA,CHFL,COVID19Hosp,vaccine,all,intermediate,2021-12-03_07-52-50,TRUE
202135,male,fully_vaccinated,31,247,2339849,1.32,NA,CHFL,COVID19Hosp,vaccine,all,intermediate,2021-12-03_07-52-50,TRUE
202135,male,partially_vaccinated,2,113,174536,1.15,NA,CHFL,COVID19Hosp,vaccine,all,intermediate,2021-12-03_07-52-50,TRUE
202135,male,not_vaccinated,160,2604,1807582,8.85,NA,CHFL,COVID19Hosp,vaccine,all,intermediate,2021-12-03_07-52-50,TRUE
202135,male,unknown,28,2167,NA,NA,NA,CHFL,COVID19Hosp,vaccine,all,intermediate,2021-12-03_07-52-50,TRUE
202135,unknown,fully_vaccinated,0,0,1447,0,NA,CHFL,COVID19Hosp,vaccine,all,intermediate,2021-12-03_07-52-50,TRUE
202135,unknown,partially_vaccinated,0,0,131,0,NA,CHFL,COVID19Hosp,vaccine,all,intermediate,2021-12-03_07-52-50,TRUE
202135,unknown,not_vaccinated,0,0,NA,NA,NA,CHFL,COVID19Hosp,vaccine,all,intermediate,2021-12-03_07-52-50,TRUE
202135,unknown,unknown,0,2,NA,NA,NA,CHFL,COVID19Hosp,vaccine,all,intermediate,2021-12-03_07-52-50,TRUE
202136,female,fully_vaccinated,19,209,2470088,0.77,NA,CHFL,COVID19Hosp,vaccine,all,intermediate,2021-12-03_07-52-50,TRUE
202136,female,partially_vaccinated,0,83,205770,0,NA,CHFL,COVID19Hosp,vaccine,all,intermediate,2021-12-03_07-52-50,TRUE
202136,female,not_vaccinated,119,2223,1711530,6.95,NA,CHFL,COVID19Hosp,vaccine,all,intermediate,2021-12-03_07-52-50,TRUE
202136,female,unknown,27,1830,NA,NA,NA,CHFL,COVID19Hosp,vaccine,all,intermediate,2021-12-03_07-52-50,TRUE
202136,male,fully_vaccinated,32,279,2376423,1.35,NA,CHFL,COVID19Hosp,vaccine,all,intermediate,2021-12-03_07-52-50,TRUE
202136,male,partially_vaccinated,3,116,206227,1.45,NA,CHFL,COVID19Hosp,vaccine,all,intermediate,2021-12-03_07-52-50,TRUE
202136,male,not_vaccinated,130,2734,1739317,7.47,NA,CHFL,COVID19Hosp,vaccine,all,intermediate,2021-12-03_07-52-50,TRUE
202136,male,unknown,32,2199,NA,NA,NA,CHFL,COVID19Hosp,vaccine,all,intermediate,2021-12-03_07-52-50,TRUE
202136,unknown,fully_vaccinated,0,0,1473,0,NA,CHFL,COVID19Hosp,vaccine,all,intermediate,2021-12-03_07-52-50,TRUE
202136,unknown,partially_vaccinated,0,0,149,0,NA,CHFL,COVID19Hosp,vaccine,all,intermediate,2021-12-03_07-52-50,TRUE
202136,unknown,not_vaccinated,0,0,NA,NA,NA,CHFL,COVID19Hosp,vaccine,all,intermediate,2021-12-03_07-52-50,TRUE
202136,unknown,unknown,0,2,NA,NA,NA,CHFL,COVID19Hosp,vaccine,all,intermediate,2021-12-03_07-52-50,TRUE
202137,female,fully_vaccinated,29,238,2514079,1.15,NA,CHFL,COVID19Hosp,vaccine,all,intermediate,2021-12-03_07-52-50,TRUE
202137,female,partially_vaccinated,0,83,233356,0,NA,CHFL,COVID19Hosp,vaccine,all,intermediate,2021-12-03_07-52-50,TRUE
202137,female,not_vaccinated,107,2330,1639953,6.52,NA,CHFL,COVID19Hosp,vaccine,all,intermediate,2021-12-03_07-52-50,TRUE
202137,female,unknown,8,1838,NA,NA,NA,CHFL,COVID19Hosp,vaccine,all,intermediate,2021-12-03_07-52-50,TRUE
202137,male,fully_vaccinated,24,303,2420880,0.99,NA,CHFL,COVID19Hosp,vaccine,all,intermediate,2021-12-03_07-52-50,TRUE
202137,male,partially_vaccinated,7,123,239754,2.92,NA,CHFL,COVID19Hosp,vaccine,all,intermediate,2021-12-03_07-52-50,TRUE
202137,male,not_vaccinated,113,2847,1661333,6.8,NA,CHFL,COVID19Hosp,vaccine,all,intermediate,2021-12-03_07-52-50,TRUE
202137,male,unknown,28,2227,NA,NA,NA,CHFL,COVID19Hosp,vaccine,all,intermediate,2021-12-03_07-52-50,TRUE
202137,unknown,fully_vaccinated,0,0,1509,0,NA,CHFL,COVID19Hosp,vaccine,all,intermediate,2021-12-03_07-52-50,TRUE
202137,unknown,partially_vaccinated,0,0,195,0,NA,CHFL,COVID19Hosp,vaccine,all,intermediate,2021-12-03_07-52-50,TRUE
202137,unknown,not_vaccinated,0,0,NA,NA,NA,CHFL,COVID19Hosp,vaccine,all,intermediate,2021-12-03_07-52-50,TRUE
202137,unknown,unknown,0,2,NA,NA,NA,CHFL,COVID19Hosp,vaccine,all,intermediate,2021-12-03_07-52-50,TRUE
202138,female,fully_vaccinated,23,261,2562430,0.9,NA,CHFL,COVID19Hosp,vaccine,all,intermediate,2021-12-03_07-52-50,TRUE
202138,female,partially_vaccinated,1,84,238089,0.42,NA,CHFL,COVID19Hosp,vaccine,all,intermediate,2021-12-03_07-52-50,TRUE
202138,female,not_vaccinated,74,2404,1586869,4.66,NA,CHFL,COVID19Hosp,vaccine,all,intermediate,2021-12-03_07-52-50,TRUE
202138,female,unknown,14,1852,NA,NA,NA,CHFL,COVID19Hosp,vaccine,all,intermediate,2021-12-03_07-52-50,TRUE
202138,male,fully_vaccinated,25,328,2469020,1.01,NA,CHFL,COVID19Hosp,vaccine,all,intermediate,2021-12-03_07-52-50,TRUE
202138,male,partially_vaccinated,5,128,249261,2.01,NA,CHFL,COVID19Hosp,vaccine,all,intermediate,2021-12-03_07-52-50,TRUE
202138,male,not_vaccinated,92,2939,1603686,5.74,NA,CHFL,COVID19Hosp,vaccine,all,intermediate,2021-12-03_07-52-50,TRUE
202138,male,unknown,17,2244,NA,NA,NA,CHFL,COVID19Hosp,vaccine,all,intermediate,2021-12-03_07-52-50,TRUE
202138,unknown,fully_vaccinated,0,0,1551,0,NA,CHFL,COVID19Hosp,vaccine,all,intermediate,2021-12-03_07-52-50,TRUE
202138,unknown,partially_vaccinated,0,0,201,0,NA,CHFL,COVID19Hosp,vaccine,all,intermediate,2021-12-03_07-52-50,TRUE
202138,unknown,not_vaccinated,0,0,NA,NA,NA,CHFL,COVID19Hosp,vaccine,all,intermediate,2021-12-03_07-52-50,TRUE
202138,unknown,unknown,0,2,NA,NA,NA,CHFL,COVID19Hosp,vaccine,all,intermediate,2021-12-03_07-52-50,TRUE
202139,female,fully_vaccinated,15,276,2612599,0.57,NA,CHFL,COVID19Hosp,vaccine,all,intermediate,2021-12-03_07-52-50,TRUE
202139,female,partially_vaccinated,0,84,222710,0,NA,CHFL,COVID19Hosp,vaccine,all,intermediate,2021-12-03_07-52-50,TRUE
202139,female,not_vaccinated,60,2464,1552079,3.87,NA,CHFL,COVID19Hosp,vaccine,all,intermediate,2021-12-03_07-52-50,TRUE
202139,female,unknown,12,1864,NA,NA,NA,CHFL,COVID19Hosp,vaccine,all,intermediate,2021-12-03_07-52-50,TRUE
202139,male,fully_vaccinated,18,346,2518999,0.71,NA,CHFL,COVID19Hosp,vaccine,all,intermediate,2021-12-03_07-52-50,TRUE
202139,male,partially_vaccinated,3,131,235545,1.27,NA,CHFL,COVID19Hosp,vaccine,all,intermediate,2021-12-03_07-52-50,TRUE
202139,male,not_vaccinated,48,2987,1567423,3.06,NA,CHFL,COVID19Hosp,vaccine,all,intermediate,2021-12-03_07-52-50,TRUE
202139,male,unknown,16,2260,NA,NA,NA,CHFL,COVID19Hosp,vaccine,all,intermediate,2021-12-03_07-52-50,TRUE
202139,unknown,fully_vaccinated,0,0,1581,0,NA,CHFL,COVID19Hosp,vaccine,all,intermediate,2021-12-03_07-52-50,TRUE
202139,unknown,partially_vaccinated,0,0,200,0,NA,CHFL,COVID19Hosp,vaccine,all,intermediate,2021-12-03_07-52-50,TRUE
202139,unknown,not_vaccinated,0,0,NA,NA,NA,CHFL,COVID19Hosp,vaccine,all,intermediate,2021-12-03_07-52-50,TRUE
202139,unknown,unknown,0,2,NA,NA,NA,CHFL,COVID19Hosp,vaccine,all,intermediate,2021-12-03_07-52-50,TRUE
202140,female,fully_vaccinated,24,300,2669655,0.9,NA,CHFL,COVID19Hosp,vaccine,all,intermediate,2021-12-03_07-52-50,TRUE
202140,female,partially_vaccinated,3,87,191198,1.57,NA,CHFL,COVID19Hosp,vaccine,all,intermediate,2021-12-03_07-52-50,TRUE
202140,female,not_vaccinated,43,2507,1526535,2.82,NA,CHFL,COVID19Hosp,vaccine,all,intermediate,2021-12-03_07-52-50,TRUE
202140,female,unknown,8,1872,NA,NA,NA,CHFL,COVID19Hosp,vaccine,all,intermediate,2021-12-03_07-52-50,TRUE
202140,male,fully_vaccinated,27,373,2579626,1.05,NA,CHFL,COVID19Hosp,vaccine,all,intermediate,2021-12-03_07-52-50,TRUE
202140,male,partially_vaccinated,3,134,201828,1.49,NA,CHFL,COVID19Hosp,vaccine,all,intermediate,2021-12-03_07-52-50,TRUE
202140,male,not_vaccinated,47,3034,1540513,3.05,NA,CHFL,COVID19Hosp,vaccine,all,intermediate,2021-12-03_07-52-50,TRUE
202140,male,unknown,5,2265,NA,NA,NA,CHFL,COVID19Hosp,vaccine,all,intermediate,2021-12-03_07-52-50,TRUE
202140,unknown,fully_vaccinated,0,0,1674,0,NA,CHFL,COVID19Hosp,vaccine,all,intermediate,2021-12-03_07-52-50,TRUE
202140,unknown,partially_vaccinated,0,0,132,0,NA,CHFL,COVID19Hosp,vaccine,all,intermediate,2021-12-03_07-52-50,TRUE
202140,unknown,not_vaccinated,1,1,NA,NA,NA,CHFL,COVID19Hosp,vaccine,all,intermediate,2021-12-03_07-52-50,TRUE
202140,unknown,unknown,0,2,NA,NA,NA,CHFL,COVID19Hosp,vaccine,all,intermediate,2021-12-03_07-52-50,TRUE
202141,female,fully_vaccinated,17,317,2732004,0.62,NA,CHFL,COVID19Hosp,vaccine,all,intermediate,2021-12-03_07-52-50,TRUE
202141,female,partially_vaccinated,0,87,151419,0,NA,CHFL,COVID19Hosp,vaccine,all,intermediate,2021-12-03_07-52-50,TRUE
202141,female,not_vaccinated,47,2554,1503965,3.13,NA,CHFL,COVID19Hosp,vaccine,all,intermediate,2021-12-03_07-52-50,TRUE
202141,female,unknown,9,1881,NA,NA,NA,CHFL,COVID19Hosp,vaccine,all,intermediate,2021-12-03_07-52-50,TRUE
202141,male,fully_vaccinated,31,404,2648413,1.17,NA,CHFL,COVID19Hosp,vaccine,all,intermediate,2021-12-03_07-52-50,TRUE
202141,male,partially_vaccinated,6,140,157587,3.81,NA,CHFL,COVID19Hosp,vaccine,all,intermediate,2021-12-03_07-52-50,TRUE
202141,male,not_vaccinated,36,3070,1515967,2.37,NA,CHFL,COVID19Hosp,vaccine,all,intermediate,2021-12-03_07-52-50,TRUE
202141,male,unknown,11,2276,NA,NA,NA,CHFL,COVID19Hosp,vaccine,all,intermediate,2021-12-03_07-52-50,TRUE
202141,unknown,fully_vaccinated,0,0,1732,0,NA,CHFL,COVID19Hosp,vaccine,all,intermediate,2021-12-03_07-52-50,TRUE
202141,unknown,partially_vaccinated,0,0,112,0,NA,CHFL,COVID19Hosp,vaccine,all,intermediate,2021-12-03_07-52-50,TRUE
202141,unknown,not_vaccinated,0,1,NA,NA,NA,CHFL,COVID19Hosp,vaccine,all,intermediate,2021-12-03_07-52-50,TRUE
202141,unknown,unknown,0,2,NA,NA,NA,CHFL,COVID19Hosp,vaccine,all,intermediate,2021-12-03_07-52-50,TRUE
202142,female,fully_vaccinated,26,343,2785009,0.93,NA,CHFL,COVID19Hosp,vaccine,all,intermediate,2021-12-03_07-52-50,TRUE
202142,female,partially_vaccinated,2,89,116551,1.72,NA,CHFL,COVID19Hosp,vaccine,all,intermediate,2021-12-03_07-52-50,TRUE
202142,female,not_vaccinated,41,2595,1485828,2.76,NA,CHFL,COVID19Hosp,vaccine,all,intermediate,2021-12-03_07-52-50,TRUE
202142,female,unknown,11,1892,NA,NA,NA,CHFL,COVID19Hosp,vaccine,all,intermediate,2021-12-03_07-52-50,TRUE
202142,male,fully_vaccinated,45,449,2706678,1.66,NA,CHFL,COVID19Hosp,vaccine,all,intermediate,2021-12-03_07-52-50,TRUE
202142,male,partially_vaccinated,0,140,118684,0,NA,CHFL,COVID19Hosp,vaccine,all,intermediate,2021-12-03_07-52-50,TRUE
202142,male,not_vaccinated,40,3110,1496605,2.67,NA,CHFL,COVID19Hosp,vaccine,all,intermediate,2021-12-03_07-52-50,TRUE
202142,male,unknown,14,2290,NA,NA,NA,CHFL,COVID19Hosp,vaccine,all,intermediate,2021-12-03_07-52-50,TRUE
202142,unknown,fully_vaccinated,0,0,1770,0,NA,CHFL,COVID19Hosp,vaccine,all,intermediate,2021-12-03_07-52-50,TRUE
202142,unknown,partially_vaccinated,0,0,93,0,NA,CHFL,COVID19Hosp,vaccine,all,intermediate,2021-12-03_07-52-50,TRUE
202142,unknown,not_vaccinated,0,1,NA,NA,NA,CHFL,COVID19Hosp,vaccine,all,intermediate,2021-12-03_07-52-50,TRUE
202142,unknown,unknown,0,2,NA,NA,NA,CHFL,COVID19Hosp,vaccine,all,intermediate,2021-12-03_07-52-50,TRUE
202143,female,fully_vaccinated,34,377,2820984,1.21,NA,CHFL,COVID19Hosp,vaccine,all,intermediate,2021-12-03_07-52-50,TRUE
202143,female,partially_vaccinated,1,90,94555,1.06,NA,CHFL,COVID19Hosp,vaccine,all,intermediate,2021-12-03_07-52-50,TRUE
202143,female,not_vaccinated,54,2649,1471849,3.67,NA,CHFL,COVID19Hosp,vaccine,all,intermediate,2021-12-03_07-52-50,TRUE
202143,female,unknown,13,1905,NA,NA,NA,CHFL,COVID19Hosp,vaccine,all,intermediate,2021-12-03_07-52-50,TRUE
202143,male,fully_vaccinated,40,489,2745703,1.46,NA,CHFL,COVID19Hosp,vaccine,all,intermediate,2021-12-03_07-52-50,TRUE
202143,male,partially_vaccinated,1,141,94262,1.06,NA,CHFL,COVID19Hosp,vaccine,all,intermediate,2021-12-03_07-52-50,TRUE
202143,male,not_vaccinated,70,3180,1482002,4.72,NA,CHFL,COVID19Hosp,vaccine,all,intermediate,2021-12-03_07-52-50,TRUE
202143,male,unknown,16,2306,NA,NA,NA,CHFL,COVID19Hosp,vaccine,all,intermediate,2021-12-03_07-52-50,TRUE
202143,unknown,fully_vaccinated,0,0,1814,0,NA,CHFL,COVID19Hosp,vaccine,all,intermediate,2021-12-03_07-52-50,TRUE
202143,unknown,partially_vaccinated,0,0,62,0,NA,CHFL,COVID19Hosp,vaccine,all,intermediate,2021-12-03_07-52-50,TRUE
202143,unknown,not_vaccinated,0,1,NA,NA,NA,CHFL,COVID19Hosp,vaccine,all,intermediate,2021-12-03_07-52-50,TRUE
202143,unknown,unknown,0,2,NA,NA,NA,CHFL,COVID19Hosp,vaccine,all,intermediate,2021-12-03_07-52-50,TRUE
202144,female,fully_vaccinated,37,414,2845158,1.3,NA,CHFL,COVID19Hosp,vaccine,all,intermediate,2021-12-03_07-52-50,TRUE
202144,female,partially_vaccinated,2,92,82402,2.43,NA,CHFL,COVID19Hosp,vaccine,all,intermediate,2021-12-03_07-52-50,TRUE
202144,female,not_vaccinated,73,2722,1459828,5,NA,CHFL,COVID19Hosp,vaccine,all,intermediate,2021-12-03_07-52-50,TRUE
202144,female,unknown,24,1929,NA,NA,NA,CHFL,COVID19Hosp,vaccine,all,intermediate,2021-12-03_07-52-50,TRUE
202144,male,fully_vaccinated,58,547,2772162,2.09,NA,CHFL,COVID19Hosp,vaccine,all,intermediate,2021-12-03_07-52-50,TRUE
202144,male,partially_vaccinated,1,142,80879,1.24,NA,CHFL,COVID19Hosp,vaccine,all,intermediate,2021-12-03_07-52-50,TRUE
202144,male,not_vaccinated,75,3255,1468926,5.11,NA,CHFL,COVID19Hosp,vaccine,all,intermediate,2021-12-03_07-52-50,TRUE
202144,male,unknown,15,2321,NA,NA,NA,CHFL,COVID19Hosp,vaccine,all,intermediate,2021-12-03_07-52-50,TRUE
202144,unknown,fully_vaccinated,0,0,1843,0,NA,CHFL,COVID19Hosp,vaccine,all,intermediate,2021-12-03_07-52-50,TRUE
202144,unknown,partially_vaccinated,0,0,48,0,NA,CHFL,COVID19Hosp,vaccine,all,intermediate,2021-12-03_07-52-50,TRUE
202144,unknown,not_vaccinated,0,1,NA,NA,NA,CHFL,COVID19Hosp,vaccine,all,intermediate,2021-12-03_07-52-50,TRUE
202144,unknown,unknown,0,2,NA,NA,NA,CHFL,COVID19Hosp,vaccine,all,intermediate,2021-12-03_07-52-50,TRUE
202145,female,fully_vaccinated,64,478,2866762,2.23,NA,CHFL,COVID19Hosp,vaccine,all,intermediate,2021-12-03_07-52-50,TRUE
202145,female,partially_vaccinated,0,92,77681,0,NA,CHFL,COVID19Hosp,vaccine,all,intermediate,2021-12-03_07-52-50,TRUE
202145,female,not_vaccinated,97,2819,1442945,6.72,NA,CHFL,COVID19Hosp,vaccine,all,intermediate,2021-12-03_07-52-50,TRUE
202145,female,unknown,15,1944,NA,NA,NA,CHFL,COVID19Hosp,vaccine,all,intermediate,2021-12-03_07-52-50,TRUE
202145,male,fully_vaccinated,71,618,2795748,2.54,NA,CHFL,COVID19Hosp,vaccine,all,intermediate,2021-12-03_07-52-50,TRUE
202145,male,partially_vaccinated,1,143,75578,1.32,NA,CHFL,COVID19Hosp,vaccine,all,intermediate,2021-12-03_07-52-50,TRUE
202145,male,not_vaccinated,99,3354,1450641,6.82,NA,CHFL,COVID19Hosp,vaccine,all,intermediate,2021-12-03_07-52-50,TRUE
202145,male,unknown,20,2341,NA,NA,NA,CHFL,COVID19Hosp,vaccine,all,intermediate,2021-12-03_07-52-50,TRUE
202145,unknown,fully_vaccinated,0,0,1870,0,NA,CHFL,COVID19Hosp,vaccine,all,intermediate,2021-12-03_07-52-50,TRUE
202145,unknown,partially_vaccinated,0,0,41,0,NA,CHFL,COVID19Hosp,vaccine,all,intermediate,2021-12-03_07-52-50,TRUE
202145,unknown,not_vaccinated,0,1,NA,NA,NA,CHFL,COVID19Hosp,vaccine,all,intermediate,2021-12-03_07-52-50,TRUE
202145,unknown,unknown,0,2,NA,NA,NA,CHFL,COVID19Hosp,vaccine,all,intermediate,2021-12-03_07-52-50,TRUE
202146,female,fully_vaccinated,69,547,2882881,2.39,NA,CHFL,COVID19Hosp,vaccine,all,intermediate,2021-12-03_07-52-50,TRUE
202146,female,partially_vaccinated,3,95,73940,4.06,NA,CHFL,COVID19Hosp,vaccine,all,intermediate,2021-12-03_07-52-50,TRUE
202146,female,not_vaccinated,137,2956,1430567,9.58,NA,CHFL,COVID19Hosp,vaccine,all,intermediate,2021-12-03_07-52-50,TRUE
202146,female,unknown,36,1980,NA,NA,NA,CHFL,COVID19Hosp,vaccine,all,intermediate,2021-12-03_07-52-50,TRUE
202146,male,fully_vaccinated,94,712,2812842,3.34,NA,CHFL,COVID19Hosp,vaccine,all,intermediate,2021-12-03_07-52-50,TRUE
202146,male,partially_vaccinated,1,144,71402,1.4,NA,CHFL,COVID19Hosp,vaccine,all,intermediate,2021-12-03_07-52-50,TRUE
202146,male,not_vaccinated,129,3483,1437723,8.97,NA,CHFL,COVID19Hosp,vaccine,all,intermediate,2021-12-03_07-52-50,TRUE
202146,male,unknown,28,2369,NA,NA,NA,CHFL,COVID19Hosp,vaccine,all,intermediate,2021-12-03_07-52-50,TRUE
202146,unknown,fully_vaccinated,0,0,1892,0,NA,CHFL,COVID19Hosp,vaccine,all,intermediate,2021-12-03_07-52-50,TRUE
202146,unknown,partially_vaccinated,0,0,34,0,NA,CHFL,COVID19Hosp,vaccine,all,intermediate,2021-12-03_07-52-50,TRUE
202146,unknown,not_vaccinated,0,1,NA,NA,NA,CHFL,COVID19Hosp,vaccine,all,intermediate,2021-12-03_07-52-50,TRUE
202146,unknown,unknown,0,2,NA,NA,NA,CHFL,COVID19Hosp,vaccine,all,intermediate,2021-12-03_07-52-50,TRUE
202147,female,fully_vaccinated,57,604,2896354,1.97,NA,CHFL,COVID19Hosp,vaccine,all,intermediate,2021-12-03_07-52-50,TRUE
202147,female,partially_vaccinated,1,96,71796,1.39,NA,CHFL,COVID19Hosp,vaccine,all,intermediate,2021-12-03_07-52-50,TRUE
202147,female,not_vaccinated,140,3096,1419238,9.86,NA,CHFL,COVID19Hosp,vaccine,all,intermediate,2021-12-03_07-52-50,TRUE
202147,female,unknown,32,2012,NA,NA,NA,CHFL,COVID19Hosp,vaccine,all,intermediate,2021-12-03_07-52-50,TRUE
202147,male,fully_vaccinated,111,823,2826969,3.93,NA,CHFL,COVID19Hosp,vaccine,all,intermediate,2021-12-03_07-52-50,TRUE
202147,male,partially_vaccinated,0,144,68737,0,NA,CHFL,COVID19Hosp,vaccine,all,intermediate,2021-12-03_07-52-50,TRUE
202147,male,not_vaccinated,143,3626,1426261,10.03,NA,CHFL,COVID19Hosp,vaccine,all,intermediate,2021-12-03_07-52-50,TRUE
202147,male,unknown,53,2422,NA,NA,NA,CHFL,COVID19Hosp,vaccine,all,intermediate,2021-12-03_07-52-50,TRUE
202147,unknown,fully_vaccinated,0,0,1897,0,NA,CHFL,COVID19Hosp,vaccine,all,intermediate,2021-12-03_07-52-50,TRUE
202147,unknown,partially_vaccinated,0,0,40,0,NA,CHFL,COVID19Hosp,vaccine,all,intermediate,2021-12-03_07-52-50,TRUE
202147,unknown,not_vaccinated,0,1,NA,NA,NA,CHFL,COVID19Hosp,vaccine,all,intermediate,2021-12-03_07-52-50,TRUE
202147,unknown,unknown,0,2,NA,NA,NA,CHFL,COVID19Hosp,vaccine,all,intermediate,2021-12-03_07-52-50,TRUE
202104,all,fully_vaccinated,0,0,15222,0,NA,CHFL,COVID19Hosp,vaccine,all,limited,2021-12-03_07-52-50,TRUE
202104,all,partially_vaccinated,2,2,274625,0.73,NA,CHFL,COVID19Hosp,vaccine,all,limited,2021-12-03_07-52-50,TRUE
202104,all,not_vaccinated,57,57,8419508,0.68,NA,CHFL,COVID19Hosp,vaccine,all,limited,2021-12-03_07-52-50,TRUE
202104,all,unknown,243,243,NA,NA,NA,CHFL,COVID19Hosp,vaccine,all,limited,2021-12-03_07-52-50,TRUE
202105,all,fully_vaccinated,0,0,46400,0,NA,CHFL,COVID19Hosp,vaccine,all,limited,2021-12-03_07-52-50,TRUE
202105,all,partially_vaccinated,7,9,311362,2.25,NA,CHFL,COVID19Hosp,vaccine,all,limited,2021-12-03_07-52-50,TRUE
202105,all,not_vaccinated,118,175,8351593,1.41,NA,CHFL,COVID19Hosp,vaccine,all,limited,2021-12-03_07-52-50,TRUE
202105,all,unknown,301,544,NA,NA,NA,CHFL,COVID19Hosp,vaccine,all,limited,2021-12-03_07-52-50,TRUE
202106,all,fully_vaccinated,3,3,101862,2.95,NA,CHFL,COVID19Hosp,vaccine,all,limited,2021-12-03_07-52-50,TRUE
202106,all,partially_vaccinated,4,13,332952,1.2,NA,CHFL,COVID19Hosp,vaccine,all,limited,2021-12-03_07-52-50,TRUE
202106,all,not_vaccinated,110,285,8274541,1.33,NA,CHFL,COVID19Hosp,vaccine,all,limited,2021-12-03_07-52-50,TRUE
202106,all,unknown,213,757,NA,NA,NA,CHFL,COVID19Hosp,vaccine,all,limited,2021-12-03_07-52-50,TRUE
202107,all,fully_vaccinated,6,9,173542,3.46,NA,CHFL,COVID19Hosp,vaccine,all,limited,2021-12-03_07-52-50,TRUE
202107,all,partially_vaccinated,10,23,319269,3.13,NA,CHFL,COVID19Hosp,vaccine,all,limited,2021-12-03_07-52-50,TRUE
202107,all,not_vaccinated,109,394,8216544,1.33,NA,CHFL,COVID19Hosp,vaccine,all,limited,2021-12-03_07-52-50,TRUE
202107,all,unknown,188,945,NA,NA,NA,CHFL,COVID19Hosp,vaccine,all,limited,2021-12-03_07-52-50,TRUE
202108,all,fully_vaccinated,6,15,262780,2.28,NA,CHFL,COVID19Hosp,vaccine,all,limited,2021-12-03_07-52-50,TRUE
202108,all,partially_vaccinated,6,29,277861,2.16,NA,CHFL,COVID19Hosp,vaccine,all,limited,2021-12-03_07-52-50,TRUE
202108,all,not_vaccinated,99,493,8168714,1.21,NA,CHFL,COVID19Hosp,vaccine,all,limited,2021-12-03_07-52-50,TRUE
202108,all,unknown,182,1127,NA,NA,NA,CHFL,COVID19Hosp,vaccine,all,limited,2021-12-03_07-52-50,TRUE
202109,all,fully_vaccinated,6,21,338820,1.77,NA,CHFL,COVID19Hosp,vaccine,all,limited,2021-12-03_07-52-50,TRUE
202109,all,partially_vaccinated,7,36,275663,2.54,NA,CHFL,COVID19Hosp,vaccine,all,limited,2021-12-03_07-52-50,TRUE
202109,all,not_vaccinated,143,636,8094872,1.77,NA,CHFL,COVID19Hosp,vaccine,all,limited,2021-12-03_07-52-50,TRUE
202109,all,unknown,186,1313,NA,NA,NA,CHFL,COVID19Hosp,vaccine,all,limited,2021-12-03_07-52-50,TRUE
202110,all,fully_vaccinated,5,26,400331,1.25,NA,CHFL,COVID19Hosp,vaccine,all,limited,2021-12-03_07-52-50,TRUE
202110,all,partially_vaccinated,8,44,303125,2.64,NA,CHFL,COVID19Hosp,vaccine,all,limited,2021-12-03_07-52-50,TRUE
202110,all,not_vaccinated,135,771,8005899,1.69,NA,CHFL,COVID19Hosp,vaccine,all,limited,2021-12-03_07-52-50,TRUE
202110,all,unknown,209,1522,NA,NA,NA,CHFL,COVID19Hosp,vaccine,all,limited,2021-12-03_07-52-50,TRUE
202111,all,fully_vaccinated,10,36,473090,2.11,NA,CHFL,COVID19Hosp,vaccine,all,limited,2021-12-03_07-52-50,TRUE
202111,all,partially_vaccinated,13,57,307476,4.23,NA,CHFL,COVID19Hosp,vaccine,all,limited,2021-12-03_07-52-50,TRUE
202111,all,not_vaccinated,158,929,7928789,1.99,NA,CHFL,COVID19Hosp,vaccine,all,limited,2021-12-03_07-52-50,TRUE
202111,all,unknown,231,1753,NA,NA,NA,CHFL,COVID19Hosp,vaccine,all,limited,2021-12-03_07-52-50,TRUE
202112,all,fully_vaccinated,6,42,541558,1.11,NA,CHFL,COVID19Hosp,vaccine,all,limited,2021-12-03_07-52-50,TRUE
202112,all,partially_vaccinated,4,61,351303,1.14,NA,CHFL,COVID19Hosp,vaccine,all,limited,2021-12-03_07-52-50,TRUE
202112,all,not_vaccinated,222,1151,7816494,2.84,NA,CHFL,COVID19Hosp,vaccine,all,limited,2021-12-03_07-52-50,TRUE
202112,all,unknown,236,1989,NA,NA,NA,CHFL,COVID19Hosp,vaccine,all,limited,2021-12-03_07-52-50,TRUE
202113,all,fully_vaccinated,14,56,607146,2.31,NA,CHFL,COVID19Hosp,vaccine,all,limited,2021-12-03_07-52-50,TRUE
202113,all,partially_vaccinated,10,71,393987,2.54,NA,CHFL,COVID19Hosp,vaccine,all,limited,2021-12-03_07-52-50,TRUE
202113,all,not_vaccinated,234,1385,7708222,3.04,NA,CHFL,COVID19Hosp,vaccine,all,limited,2021-12-03_07-52-50,TRUE
202113,all,unknown,289,2278,NA,NA,NA,CHFL,COVID19Hosp,vaccine,all,limited,2021-12-03_07-52-50,TRUE
202114,all,fully_vaccinated,15,71,693907,2.16,NA,CHFL,COVID19Hosp,vaccine,all,limited,2021-12-03_07-52-50,TRUE
202114,all,partially_vaccinated,15,86,429995,3.49,NA,CHFL,COVID19Hosp,vaccine,all,limited,2021-12-03_07-52-50,TRUE
202114,all,not_vaccinated,214,1599,7585453,2.82,NA,CHFL,COVID19Hosp,vaccine,all,limited,2021-12-03_07-52-50,TRUE
202114,all,unknown,268,2546,NA,NA,NA,CHFL,COVID19Hosp,vaccine,all,limited,2021-12-03_07-52-50,TRUE
202115,all,fully_vaccinated,17,88,778465,2.18,NA,CHFL,COVID19Hosp,vaccine,all,limited,2021-12-03_07-52-50,TRUE
202115,all,partially_vaccinated,9,95,555538,1.62,NA,CHFL,COVID19Hosp,vaccine,all,limited,2021-12-03_07-52-50,TRUE
202115,all,not_vaccinated,271,1870,7375352,3.67,NA,CHFL,COVID19Hosp,vaccine,all,limited,2021-12-03_07-52-50,TRUE
202115,all,unknown,199,2745,NA,NA,NA,CHFL,COVID19Hosp,vaccine,all,limited,2021-12-03_07-52-50,TRUE
202116,all,fully_vaccinated,14,102,888073,1.58,NA,CHFL,COVID19Hosp,vaccine,all,limited,2021-12-03_07-52-50,TRUE
202116,all,partially_vaccinated,12,107,703022,1.71,NA,CHFL,COVID19Hosp,vaccine,all,limited,2021-12-03_07-52-50,TRUE
202116,all,not_vaccinated,254,2124,7118260,3.57,NA,CHFL,COVID19Hosp,vaccine,all,limited,2021-12-03_07-52-50,TRUE
202116,all,unknown,211,2956,NA,NA,NA,CHFL,COVID19Hosp,vaccine,all,limited,2021-12-03_07-52-50,TRUE
202117,all,fully_vaccinated,16,118,995173,1.61,NA,CHFL,COVID19Hosp,vaccine,all,limited,2021-12-03_07-52-50,TRUE
202117,all,partially_vaccinated,15,122,878539,1.71,NA,CHFL,COVID19Hosp,vaccine,all,limited,2021-12-03_07-52-50,TRUE
202117,all,not_vaccinated,241,2365,6835643,3.53,NA,CHFL,COVID19Hosp,vaccine,all,limited,2021-12-03_07-52-50,TRUE
202117,all,unknown,192,3148,NA,NA,NA,CHFL,COVID19Hosp,vaccine,all,limited,2021-12-03_07-52-50,TRUE
202118,all,fully_vaccinated,15,133,1130496,1.33,NA,CHFL,COVID19Hosp,vaccine,all,limited,2021-12-03_07-52-50,TRUE
202118,all,partially_vaccinated,14,136,1064078,1.32,NA,CHFL,COVID19Hosp,vaccine,all,limited,2021-12-03_07-52-50,TRUE
202118,all,not_vaccinated,177,2542,6514781,2.72,NA,CHFL,COVID19Hosp,vaccine,all,limited,2021-12-03_07-52-50,TRUE
202118,all,unknown,130,3278,NA,NA,NA,CHFL,COVID19Hosp,vaccine,all,limited,2021-12-03_07-52-50,TRUE
202119,all,fully_vaccinated,6,139,1319801,0.45,NA,CHFL,COVID19Hosp,vaccine,all,limited,2021-12-03_07-52-50,TRUE
202119,all,partially_vaccinated,10,146,1158782,0.86,NA,CHFL,COVID19Hosp,vaccine,all,limited,2021-12-03_07-52-50,TRUE
202119,all,not_vaccinated,121,2663,6230772,1.94,NA,CHFL,COVID19Hosp,vaccine,all,limited,2021-12-03_07-52-50,TRUE
202119,all,unknown,100,3378,NA,NA,NA,CHFL,COVID19Hosp,vaccine,all,limited,2021-12-03_07-52-50,TRUE
202120,all,fully_vaccinated,9,148,1581181,0.57,NA,CHFL,COVID19Hosp,vaccine,all,limited,2021-12-03_07-52-50,TRUE
202120,all,partially_vaccinated,11,157,1213441,0.91,NA,CHFL,COVID19Hosp,vaccine,all,limited,2021-12-03_07-52-50,TRUE
202120,all,not_vaccinated,144,2807,5914733,2.43,NA,CHFL,COVID19Hosp,vaccine,all,limited,2021-12-03_07-52-50,TRUE
202120,all,unknown,88,3466,NA,NA,NA,CHFL,COVID19Hosp,vaccine,all,limited,2021-12-03_07-52-50,TRUE
202121,all,fully_vaccinated,13,161,1852573,0.7,NA,CHFL,COVID19Hosp,vaccine,all,limited,2021-12-03_07-52-50,TRUE
202121,all,partially_vaccinated,5,162,1234008,0.41,NA,CHFL,COVID19Hosp,vaccine,all,limited,2021-12-03_07-52-50,TRUE
202121,all,not_vaccinated,76,2883,5622774,1.35,NA,CHFL,COVID19Hosp,vaccine,all,limited,2021-12-03_07-52-50,TRUE
202121,all,unknown,55,3521,NA,NA,NA,CHFL,COVID19Hosp,vaccine,all,limited,2021-12-03_07-52-50,TRUE
202122,all,fully_vaccinated,8,169,2161995,0.37,NA,CHFL,COVID19Hosp,vaccine,all,limited,2021-12-03_07-52-50,TRUE
202122,all,partially_vaccinated,5,167,1261334,0.4,NA,CHFL,COVID19Hosp,vaccine,all,limited,2021-12-03_07-52-50,TRUE
202122,all,not_vaccinated,66,2949,5286026,1.25,NA,CHFL,COVID19Hosp,vaccine,all,limited,2021-12-03_07-52-50,TRUE
202122,all,unknown,41,3562,NA,NA,NA,CHFL,COVID19Hosp,vaccine,all,limited,2021-12-03_07-52-50,TRUE
202123,all,fully_vaccinated,14,183,2466213,0.57,NA,CHFL,COVID19Hosp,vaccine,all,limited,2021-12-03_07-52-50,TRUE
202123,all,partially_vaccinated,2,169,1310791,0.15,NA,CHFL,COVID19Hosp,vaccine,all,limited,2021-12-03_07-52-50,TRUE
202123,all,not_vaccinated,33,2982,4932351,0.67,NA,CHFL,COVID19Hosp,vaccine,all,limited,2021-12-03_07-52-50,TRUE
202123,all,unknown,28,3590,NA,NA,NA,CHFL,COVID19Hosp,vaccine,all,limited,2021-12-03_07-52-50,TRUE
202124,all,fully_vaccinated,5,188,2779117,0.18,NA,CHFL,COVID19Hosp,vaccine,all,limited,2021-12-03_07-52-50,TRUE
202124,all,partially_vaccinated,1,170,1305603,0.08,NA,CHFL,COVID19Hosp,vaccine,all,limited,2021-12-03_07-52-50,TRUE
202124,all,not_vaccinated,24,3006,4624635,0.52,NA,CHFL,COVID19Hosp,vaccine,all,limited,2021-12-03_07-52-50,TRUE
202124,all,unknown,18,3608,NA,NA,NA,CHFL,COVID19Hosp,vaccine,all,limited,2021-12-03_07-52-50,TRUE
202125,all,fully_vaccinated,3,191,3085570,0.1,NA,CHFL,COVID19Hosp,vaccine,all,limited,2021-12-03_07-52-50,TRUE
202125,all,partially_vaccinated,1,171,1229571,0.08,NA,CHFL,COVID19Hosp,vaccine,all,limited,2021-12-03_07-52-50,TRUE
202125,all,not_vaccinated,11,3017,4394214,0.25,NA,CHFL,COVID19Hosp,vaccine,all,limited,2021-12-03_07-52-50,TRUE
202125,all,unknown,14,3622,NA,NA,NA,CHFL,COVID19Hosp,vaccine,all,limited,2021-12-03_07-52-50,TRUE
202126,all,fully_vaccinated,3,194,3417704,0.09,NA,CHFL,COVID19Hosp,vaccine,all,intermediate,2021-12-03_07-52-50,TRUE
202126,all,partially_vaccinated,1,172,1024626,0.1,NA,CHFL,COVID19Hosp,vaccine,all,intermediate,2021-12-03_07-52-50,TRUE
202126,all,not_vaccinated,5,3022,4267025,0.12,NA,CHFL,COVID19Hosp,vaccine,all,intermediate,2021-12-03_07-52-50,TRUE
202126,all,unknown,8,3630,NA,NA,NA,CHFL,COVID19Hosp,vaccine,all,intermediate,2021-12-03_07-52-50,TRUE
202127,all,fully_vaccinated,0,194,3751321,0,NA,CHFL,COVID19Hosp,vaccine,all,intermediate,2021-12-03_07-52-50,TRUE
202127,all,partially_vaccinated,0,172,778385,0,NA,CHFL,COVID19Hosp,vaccine,all,intermediate,2021-12-03_07-52-50,TRUE
202127,all,not_vaccinated,21,3043,4179649,0.5,NA,CHFL,COVID19Hosp,vaccine,all,intermediate,2021-12-03_07-52-50,TRUE
202127,all,unknown,7,3637,NA,NA,NA,CHFL,COVID19Hosp,vaccine,all,intermediate,2021-12-03_07-52-50,TRUE
202128,all,fully_vaccinated,7,201,4045924,0.17,NA,CHFL,COVID19Hosp,vaccine,all,intermediate,2021-12-03_07-52-50,TRUE
202128,all,partially_vaccinated,1,173,561391,0.18,NA,CHFL,COVID19Hosp,vaccine,all,intermediate,2021-12-03_07-52-50,TRUE
202128,all,not_vaccinated,44,3087,4102040,1.07,NA,CHFL,COVID19Hosp,vaccine,all,intermediate,2021-12-03_07-52-50,TRUE
202128,all,unknown,10,3647,NA,NA,NA,CHFL,COVID19Hosp,vaccine,all,intermediate,2021-12-03_07-52-50,TRUE
202129,all,fully_vaccinated,15,216,4272713,0.35,NA,CHFL,COVID19Hosp,vaccine,all,intermediate,2021-12-03_07-52-50,TRUE
202129,all,partially_vaccinated,0,173,404432,0,NA,CHFL,COVID19Hosp,vaccine,all,intermediate,2021-12-03_07-52-50,TRUE
202129,all,not_vaccinated,55,3142,4032210,1.36,NA,CHFL,COVID19Hosp,vaccine,all,intermediate,2021-12-03_07-52-50,TRUE
202129,all,unknown,17,3664,NA,NA,NA,CHFL,COVID19Hosp,vaccine,all,intermediate,2021-12-03_07-52-50,TRUE
202130,all,fully_vaccinated,14,230,4397444,0.32,NA,CHFL,COVID19Hosp,vaccine,all,intermediate,2021-12-03_07-52-50,TRUE
202130,all,partially_vaccinated,0,173,345547,0,NA,CHFL,COVID19Hosp,vaccine,all,intermediate,2021-12-03_07-52-50,TRUE
202130,all,not_vaccinated,86,3228,3966364,2.17,NA,CHFL,COVID19Hosp,vaccine,all,intermediate,2021-12-03_07-52-50,TRUE
202130,all,unknown,21,3685,NA,NA,NA,CHFL,COVID19Hosp,vaccine,all,intermediate,2021-12-03_07-52-50,TRUE
202131,all,fully_vaccinated,16,246,4483414,0.36,NA,CHFL,COVID19Hosp,vaccine,all,intermediate,2021-12-03_07-52-50,TRUE
202131,all,partially_vaccinated,2,175,313402,0.64,NA,CHFL,COVID19Hosp,vaccine,all,intermediate,2021-12-03_07-52-50,TRUE
202131,all,not_vaccinated,133,3361,3912539,3.4,NA,CHFL,COVID19Hosp,vaccine,all,intermediate,2021-12-03_07-52-50,TRUE
202131,all,unknown,30,3715,NA,NA,NA,CHFL,COVID19Hosp,vaccine,all,intermediate,2021-12-03_07-52-50,TRUE
202132,all,fully_vaccinated,38,284,4563098,0.83,NA,CHFL,COVID19Hosp,vaccine,all,intermediate,2021-12-03_07-52-50,TRUE
202132,all,partially_vaccinated,8,183,296351,2.7,NA,CHFL,COVID19Hosp,vaccine,all,intermediate,2021-12-03_07-52-50,TRUE
202132,all,not_vaccinated,300,3661,3849906,7.79,NA,CHFL,COVID19Hosp,vaccine,all,intermediate,2021-12-03_07-52-50,TRUE
202132,all,unknown,34,3749,NA,NA,NA,CHFL,COVID19Hosp,vaccine,all,intermediate,2021-12-03_07-52-50,TRUE
202133,all,fully_vaccinated,56,340,4640075,1.21,NA,CHFL,COVID19Hosp,vaccine,all,intermediate,2021-12-03_07-52-50,TRUE
202133,all,partially_vaccinated,3,186,292440,1.03,NA,CHFL,COVID19Hosp,vaccine,all,intermediate,2021-12-03_07-52-50,TRUE
202133,all,not_vaccinated,389,4050,3776840,10.3,NA,CHFL,COVID19Hosp,vaccine,all,intermediate,2021-12-03_07-52-50,TRUE
202133,all,unknown,85,3834,NA,NA,NA,CHFL,COVID19Hosp,vaccine,all,intermediate,2021-12-03_07-52-50,TRUE
202134,all,fully_vaccinated,48,388,4714204,1.02,NA,CHFL,COVID19Hosp,vaccine,all,intermediate,2021-12-03_07-52-50,TRUE
202134,all,partially_vaccinated,5,191,310842,1.61,NA,CHFL,COVID19Hosp,vaccine,all,intermediate,2021-12-03_07-52-50,TRUE
202134,all,not_vaccinated,355,4405,3684309,9.64,NA,CHFL,COVID19Hosp,vaccine,all,intermediate,2021-12-03_07-52-50,TRUE
202134,all,unknown,82,3916,NA,NA,NA,CHFL,COVID19Hosp,vaccine,all,intermediate,2021-12-03_07-52-50,TRUE
202135,all,fully_vaccinated,49,437,4775642,1.03,NA,CHFL,COVID19Hosp,vaccine,all,intermediate,2021-12-03_07-52-50,TRUE
202135,all,partially_vaccinated,5,196,351684,1.42,NA,CHFL,COVID19Hosp,vaccine,all,intermediate,2021-12-03_07-52-50,TRUE
202135,all,not_vaccinated,303,4708,3582029,8.46,NA,CHFL,COVID19Hosp,vaccine,all,intermediate,2021-12-03_07-52-50,TRUE
202135,all,unknown,56,3972,NA,NA,NA,CHFL,COVID19Hosp,vaccine,all,intermediate,2021-12-03_07-52-50,TRUE
202136,all,fully_vaccinated,51,488,4847984,1.05,NA,CHFL,COVID19Hosp,vaccine,all,intermediate,2021-12-03_07-52-50,TRUE
202136,all,partially_vaccinated,3,199,412146,0.73,NA,CHFL,COVID19Hosp,vaccine,all,intermediate,2021-12-03_07-52-50,TRUE
202136,all,not_vaccinated,249,4957,3449225,7.22,NA,CHFL,COVID19Hosp,vaccine,all,intermediate,2021-12-03_07-52-50,TRUE
202136,all,unknown,59,4031,NA,NA,NA,CHFL,COVID19Hosp,vaccine,all,intermediate,2021-12-03_07-52-50,TRUE
202137,all,fully_vaccinated,53,541,4936468,1.07,NA,CHFL,COVID19Hosp,vaccine,all,intermediate,2021-12-03_07-52-50,TRUE
202137,all,partially_vaccinated,7,206,473305,1.48,NA,CHFL,COVID19Hosp,vaccine,all,intermediate,2021-12-03_07-52-50,TRUE
202137,all,not_vaccinated,220,5177,3299582,6.67,NA,CHFL,COVID19Hosp,vaccine,all,intermediate,2021-12-03_07-52-50,TRUE
202137,all,unknown,36,4067,NA,NA,NA,CHFL,COVID19Hosp,vaccine,all,intermediate,2021-12-03_07-52-50,TRUE
202138,all,fully_vaccinated,48,589,5033001,0.95,NA,CHFL,COVID19Hosp,vaccine,all,intermediate,2021-12-03_07-52-50,TRUE
202138,all,partially_vaccinated,6,212,487551,1.23,NA,CHFL,COVID19Hosp,vaccine,all,intermediate,2021-12-03_07-52-50,TRUE
202138,all,not_vaccinated,166,5343,3188803,5.21,NA,CHFL,COVID19Hosp,vaccine,all,intermediate,2021-12-03_07-52-50,TRUE
202138,all,unknown,31,4098,NA,NA,NA,CHFL,COVID19Hosp,vaccine,all,intermediate,2021-12-03_07-52-50,TRUE
202139,all,fully_vaccinated,33,622,5133179,0.64,NA,CHFL,COVID19Hosp,vaccine,all,intermediate,2021-12-03_07-52-50,TRUE
202139,all,partially_vaccinated,3,215,458455,0.65,NA,CHFL,COVID19Hosp,vaccine,all,intermediate,2021-12-03_07-52-50,TRUE
202139,all,not_vaccinated,108,5451,3117721,3.46,NA,CHFL,COVID19Hosp,vaccine,all,intermediate,2021-12-03_07-52-50,TRUE
202139,all,unknown,28,4126,NA,NA,NA,CHFL,COVID19Hosp,vaccine,all,intermediate,2021-12-03_07-52-50,TRUE
202140,all,fully_vaccinated,51,673,5250955,0.97,NA,CHFL,COVID19Hosp,vaccine,all,intermediate,2021-12-03_07-52-50,TRUE
202140,all,partially_vaccinated,6,221,393158,1.53,NA,CHFL,COVID19Hosp,vaccine,all,intermediate,2021-12-03_07-52-50,TRUE
202140,all,not_vaccinated,91,5542,3065242,2.97,NA,CHFL,COVID19Hosp,vaccine,all,intermediate,2021-12-03_07-52-50,TRUE
202140,all,unknown,13,4139,NA,NA,NA,CHFL,COVID19Hosp,vaccine,all,intermediate,2021-12-03_07-52-50,TRUE
202141,all,fully_vaccinated,48,721,5382149,0.89,NA,CHFL,COVID19Hosp,vaccine,all,intermediate,2021-12-03_07-52-50,TRUE
202141,all,partially_vaccinated,6,227,309118,1.94,NA,CHFL,COVID19Hosp,vaccine,all,intermediate,2021-12-03_07-52-50,TRUE
202141,all,not_vaccinated,83,5625,3018088,2.75,NA,CHFL,COVID19Hosp,vaccine,all,intermediate,2021-12-03_07-52-50,TRUE
202141,all,unknown,20,4159,NA,NA,NA,CHFL,COVID19Hosp,vaccine,all,intermediate,2021-12-03_07-52-50,TRUE
202142,all,fully_vaccinated,71,792,5493457,1.29,NA,CHFL,COVID19Hosp,vaccine,all,intermediate,2021-12-03_07-52-50,TRUE
202142,all,partially_vaccinated,2,229,235328,0.85,NA,CHFL,COVID19Hosp,vaccine,all,intermediate,2021-12-03_07-52-50,TRUE
202142,all,not_vaccinated,81,5706,2980570,2.72,NA,CHFL,COVID19Hosp,vaccine,all,intermediate,2021-12-03_07-52-50,TRUE
202142,all,unknown,25,4184,NA,NA,NA,CHFL,COVID19Hosp,vaccine,all,intermediate,2021-12-03_07-52-50,TRUE
202143,all,fully_vaccinated,74,866,5568501,1.33,NA,CHFL,COVID19Hosp,vaccine,all,intermediate,2021-12-03_07-52-50,TRUE
202143,all,partially_vaccinated,2,231,188879,1.06,NA,CHFL,COVID19Hosp,vaccine,all,intermediate,2021-12-03_07-52-50,TRUE
202143,all,not_vaccinated,124,5830,2951975,4.2,NA,CHFL,COVID19Hosp,vaccine,all,intermediate,2021-12-03_07-52-50,TRUE
202143,all,unknown,29,4213,NA,NA,NA,CHFL,COVID19Hosp,vaccine,all,intermediate,2021-12-03_07-52-50,TRUE
202144,all,fully_vaccinated,95,961,5619163,1.69,NA,CHFL,COVID19Hosp,vaccine,all,intermediate,2021-12-03_07-52-50,TRUE
202144,all,partially_vaccinated,3,234,163329,1.84,NA,CHFL,COVID19Hosp,vaccine,all,intermediate,2021-12-03_07-52-50,TRUE
202144,all,not_vaccinated,148,5978,2926863,5.06,NA,CHFL,COVID19Hosp,vaccine,all,intermediate,2021-12-03_07-52-50,TRUE
202144,all,unknown,39,4252,NA,NA,NA,CHFL,COVID19Hosp,vaccine,all,intermediate,2021-12-03_07-52-50,TRUE
202145,all,fully_vaccinated,135,1096,5664380,2.38,NA,CHFL,COVID19Hosp,vaccine,all,intermediate,2021-12-03_07-52-50,TRUE
202145,all,partially_vaccinated,1,235,153300,0.65,NA,CHFL,COVID19Hosp,vaccine,all,intermediate,2021-12-03_07-52-50,TRUE
202145,all,not_vaccinated,196,6174,2891675,6.78,NA,CHFL,COVID19Hosp,vaccine,all,intermediate,2021-12-03_07-52-50,TRUE
202145,all,unknown,35,4287,NA,NA,NA,CHFL,COVID19Hosp,vaccine,all,intermediate,2021-12-03_07-52-50,TRUE
202146,all,fully_vaccinated,163,1259,5697615,2.86,NA,CHFL,COVID19Hosp,vaccine,all,intermediate,2021-12-03_07-52-50,TRUE
202146,all,partially_vaccinated,4,239,145376,2.75,NA,CHFL,COVID19Hosp,vaccine,all,intermediate,2021-12-03_07-52-50,TRUE
202146,all,not_vaccinated,266,6440,2866364,9.28,NA,CHFL,COVID19Hosp,vaccine,all,intermediate,2021-12-03_07-52-50,TRUE
202146,all,unknown,64,4351,NA,NA,NA,CHFL,COVID19Hosp,vaccine,all,intermediate,2021-12-03_07-52-50,TRUE
202147,all,fully_vaccinated,168,1427,5725220,2.93,NA,CHFL,COVID19Hosp,vaccine,all,intermediate,2021-12-03_07-52-50,TRUE
202147,all,partially_vaccinated,1,240,140573,0.71,NA,CHFL,COVID19Hosp,vaccine,all,intermediate,2021-12-03_07-52-50,TRUE
202147,all,not_vaccinated,283,6723,2843562,9.95,NA,CHFL,COVID19Hosp,vaccine,all,intermediate,2021-12-03_07-52-50,TRUE
202147,all,unknown,85,4436,NA,NA,NA,CHFL,COVID19Hosp,vaccine,all,intermediate,2021-12-03_07-52-50,TRUE